,level_0,neighborhood,year,month_index,Score,lat,lon
0,0,60031,2020,A,30400,42.3669,-87.9452
1,1,60031,2020,B,19401,42.3669,-87.9452
2,2,60031,2021,B,2000,42.3669,-87.9452
3,3,60031,2021,D,1,42.3669,-87.9452
4,4,60031,2022,A,1200,42.3669,-87.9452
5,5,60031,2022,D,2000,42.3669,-87.9452
6,6,90001,2020,A,670878,33.9731,-118.2479
7,7,90001,2020,B,657112,33.9731,-118.2479
8,8,90001,2020,C,659006,33.9731,-118.2479
9,9,90001,2020,D,424809,33.9731,-118.2479
10,10,90001,2021,A,504333,33.9731,-118.2479
11,11,90001,2021,B,424974,33.9731,-118.2479
12,12,90001,2021,C,946883,33.9731,-118.2479
13,13,90001,2021,D,599170,33.9731,-118.2479
14,14,90001,2022,A,564614,33.9731,-118.2479
15,15,90001,2022,B,894185,33.9731,-118.2479
16,16,90001,2022,C,980278,33.9731,-118.2479
17,17,90001,2022,D,852138,33.9731,-118.2479
18,18,90001,2023,A,513286,33.9731,-118.2479
19,19,90002,2020,A,2019523,33.9497,-118.2462
20,20,90002,2020,B,2375262,33.9497,-118.2462
21,21,90002,2020,C,2010002,33.9497,-118.2462
22,22,90002,2020,D,1895152,33.9497,-118.2462
23,23,90002,2021,A,1682563,33.9497,-118.2462
24,24,90002,2021,B,1744886,33.9497,-118.2462
25,25,90002,2021,C,2085597,33.9497,-118.2462
26,26,90002,2021,D,2208639,33.9497,-118.2462
27,27,90002,2022,A,1880014,33.9497,-118.2462
28,28,90002,2022,B,2015239,33.9497,-118.2462
29,29,90002,2022,C,2076389,33.9497,-118.2462
30,30,90002,2022,D,1915307,33.9497,-118.2462
31,31,90002,2023,A,1249228,33.9497,-118.2462
32,32,90003,2020,A,4288940,33.9653,-118.2727
33,33,90003,2020,B,4920785,33.9653,-118.2727
34,34,90003,2020,C,3944234,33.9653,-118.2727
35,35,90003,2020,D,3651783,33.9653,-118.2727
36,36,90003,2021,A,4192626,33.9653,-118.2727
37,37,90003,2021,B,4113432,33.9653,-118.2727
38,38,90003,2021,C,5238452,33.9653,-118.2727
39,39,90003,2021,D,3725663,33.9653,-118.2727
40,40,90003,2022,A,4236293,33.9653,-118.2727
41,41,90003,2022,B,5774449,33.9653,-118.2727
42,42,90003,2022,C,5424618,33.9653,-118.2727
43,43,90003,2022,D,4077994,33.9653,-118.2727
44,44,90003,2023,A,2955462,33.9653,-118.2727
45,45,90004,2020,A,1973621,34.0762,-118.3029
46,46,90004,2020,B,2317450,34.0762,-118.3029
47,47,90004,2020,C,1800735,34.0762,-118.3029
48,48,90004,2020,D,1977651,34.0762,-118.3029
49,49,90004,2021,A,2077975,34.0762,-118.3029
50,50,90004,2021,B,2071584,34.0762,-118.3029
51,51,90004,2021,C,2250538,34.0762,-118.3029
52,52,90004,2021,D,2150461,34.0762,-118.3029
53,53,90004,2022,A,2728788,34.0762,-118.3029
54,54,90004,2022,B,2772865,34.0762,-118.3029
55,55,90004,2022,C,2704727,34.0762,-118.3029
56,56,90004,2022,D,2237811,34.0762,-118.3029
57,57,90004,2023,A,1743138,34.0762,-118.3029
58,58,90005,2020,A,1451086,34.0585,-118.3012
59,59,90005,2020,B,2089679,34.0585,-118.3012
60,60,90005,2020,C,1561873,34.0585,-118.3012
61,61,90005,2020,D,1235357,34.0585,-118.3012
62,62,90005,2021,A,1402060,34.0585,-118.3012
63,63,90005,2021,B,1410882,34.0585,-118.3012
64,64,90005,2021,C,1786987,34.0585,-118.3012
65,65,90005,2021,D,1550841,34.0585,-118.3012
66,66,90005,2022,A,1608624,34.0585,-118.3012
67,67,90005,2022,B,1736897,34.0585,-118.3012
68,68,90005,2022,C,2119386,34.0585,-118.3012
69,69,90005,2022,D,1994917,34.0585,-118.3012
70,70,90005,2023,A,1506748,34.0585,-118.3012
71,71,90006,2020,A,1878712,34.0493,-118.2917
72,72,90006,2020,B,2458547,34.0493,-118.2917
73,73,90006,2020,C,1937606,34.0493,-118.2917
74,74,90006,2020,D,2010313,34.0493,-118.2917
75,75,90006,2021,A,2431137,34.0493,-118.2917
76,76,90006,2021,B,2341220,34.0493,-118.2917
77,77,90006,2021,C,2624670,34.0493,-118.2917
78,78,90006,2021,D,2436419,34.0493,-118.2917
79,79,90006,2022,A,2295860,34.0493,-118.2917
80,80,90006,2022,B,2471238,34.0493,-118.2917
81,81,90006,2022,C,2736903,34.0493,-118.2917
82,82,90006,2022,D,2894143,34.0493,-118.2917
83,83,90006,2023,A,2304961,34.0493,-118.2917
84,84,90007,2020,A,1916215,34.0294,-118.2871
85,85,90007,2020,B,1552061,34.0294,-118.2871
86,86,90007,2020,C,1689724,34.0294,-118.2871
87,87,90007,2020,D,1616562,34.0294,-118.2871
88,88,90007,2021,A,1720424,34.0294,-118.2871
89,89,90007,2021,B,1861882,34.0294,-118.2871
90,90,90007,2021,C,2390465,34.0294,-118.2871
91,91,90007,2021,D,2377686,34.0294,-118.2871
92,92,90007,2022,A,2045195,34.0294,-118.2871
93,93,90007,2022,B,2032959,34.0294,-118.2871
94,94,90007,2022,C,2011638,34.0294,-118.2871
95,95,90007,2022,D,2167922,34.0294,-118.2871
96,96,90007,2023,A,1768068,34.0294,-118.2871
97,97,90008,2020,A,1582286,34.0116,-118.3411
98,98,90008,2020,B,1729414,34.0116,-118.3411
99,99,90008,2020,C,1096042,34.0116,-118.3411
100,100,90008,2020,D,1256852,34.0116,-118.3411
101,101,90008,2021,A,1575763,34.0116,-118.3411
102,102,90008,2021,B,1698376,34.0116,-118.3411
103,103,90008,2021,C,1782067,34.0116,-118.3411
104,104,90008,2021,D,1484053,34.0116,-118.3411
105,105,90008,2022,A,1437687,34.0116,-118.3411
106,106,90008,2022,B,1540777,34.0116,-118.3411
107,107,90008,2022,C,1585195,34.0116,-118.3411
108,108,90008,2022,D,1649742,34.0116,-118.3411
109,109,90008,2023,A,1417202,34.0116,-118.3411
110,110,90009,2020,A,373355,34.0522,-118.2437
111,111,90009,2020,B,278017,34.0522,-118.2437
112,112,90009,2020,C,380859,34.0522,-118.2437
113,113,90009,2020,D,280665,34.0522,-118.2437
114,114,90009,2021,A,314416,34.0522,-118.2437
115,115,90009,2021,B,633914,34.0522,-118.2437
116,116,90009,2021,C,545952,34.0522,-118.2437
117,117,90009,2021,D,381611,34.0522,-118.2437
118,118,90009,2022,A,473113,34.0522,-118.2437
119,119,90009,2022,B,587025,34.0522,-118.2437
120,120,90009,2022,C,671104,34.0522,-118.2437
121,121,90009,2022,D,471932,34.0522,-118.2437
122,122,90009,2023,A,328411,34.0522,-118.2437
123,123,90010,2020,A,158793,34.0606,-118.3027
124,124,90010,2020,B,508644,34.0606,-118.3027
125,125,90010,2020,C,445738,34.0606,-118.3027
126,126,90010,2020,D,604649,34.0606,-118.3027
127,127,90010,2021,A,362269,34.0606,-118.3027
128,128,90010,2021,B,373422,34.0606,-118.3027
129,129,90010,2021,C,559367,34.0606,-118.3027
130,130,90010,2021,D,535832,34.0606,-118.3027
131,131,90010,2022,A,368959,34.0606,-118.3027
132,132,90010,2022,B,271573,34.0606,-118.3027
133,133,90010,2022,C,417398,34.0606,-118.3027
134,134,90010,2022,D,624019,34.0606,-118.3027
135,135,90010,2023,A,286615,34.0606,-118.3027
136,136,90011,2020,A,3788658,34.0079,-118.2582
137,137,90011,2020,B,4433287,34.0079,-118.2582
138,138,90011,2020,C,2726376,34.0079,-118.2582
139,139,90011,2020,D,2385911,34.0079,-118.2582
140,140,90011,2021,A,2574647,34.0079,-118.2582
141,141,90011,2021,B,3042257,34.0079,-118.2582
142,142,90011,2021,C,3964793,34.0079,-118.2582
143,143,90011,2021,D,3183610,34.0079,-118.2582
144,144,90011,2022,A,3637852,34.0079,-118.2582
145,145,90011,2022,B,3911012,34.0079,-118.2582
146,146,90011,2022,C,3577686,34.0079,-118.2582
147,147,90011,2022,D,3626846,34.0079,-118.2582
148,148,90011,2023,A,2522026,34.0079,-118.2582
149,149,90012,2020,A,1791779,34.0614,-118.2385
150,150,90012,2020,B,1661726,34.0614,-118.2385
151,151,90012,2020,C,1152653,34.0614,-118.2385
152,152,90012,2020,D,1372363,34.0614,-118.2385
153,153,90012,2021,A,1546063,34.0614,-118.2385
154,154,90012,2021,B,1465497,34.0614,-118.2385
155,155,90012,2021,C,1924263,34.0614,-118.2385
156,156,90012,2021,D,1872159,34.0614,-118.2385
157,157,90012,2022,A,1782923,34.0614,-118.2385
158,158,90012,2022,B,2203576,34.0614,-118.2385
159,159,90012,2022,C,2055815,34.0614,-118.2385
160,160,90012,2022,D,1936404,34.0614,-118.2385
161,161,90012,2023,A,1332257,34.0614,-118.2385
162,162,90013,2020,A,2787923,34.0448,-118.2434
163,163,90013,2020,B,3775338,34.0448,-118.2434
164,164,90013,2020,C,2600100,34.0448,-118.2434
165,165,90013,2020,D,2586233,34.0448,-118.2434
166,166,90013,2021,A,2156851,34.0448,-118.2434
167,167,90013,2021,B,2057474,34.0448,-118.2434
168,168,90013,2021,C,3079341,34.0448,-118.2434
169,169,90013,2021,D,2856336,34.0448,-118.2434
170,170,90013,2022,A,3443344,34.0448,-118.2434
171,171,90013,2022,B,3803993,34.0448,-118.2434
172,172,90013,2022,C,3814767,34.0448,-118.2434
173,173,90013,2022,D,3633832,34.0448,-118.2434
174,174,90013,2023,A,2438461,34.0448,-118.2434
175,175,90014,2020,A,1193379,34.0443,-118.2509
176,176,90014,2020,B,1483143,34.0443,-118.2509
177,177,90014,2020,C,844688,34.0443,-118.2509
178,178,90014,2020,D,1034935,34.0443,-118.2509
179,179,90014,2021,A,926749,34.0443,-118.2509
180,180,90014,2021,B,924335,34.0443,-118.2509
181,181,90014,2021,C,1283779,34.0443,-118.2509
182,182,90014,2021,D,1356373,34.0443,-118.2509
183,183,90014,2022,A,1225731,34.0443,-118.2509
184,184,90014,2022,B,1609507,34.0443,-118.2509
185,185,90014,2022,C,1352156,34.0443,-118.2509
186,186,90014,2022,D,1808397,34.0443,-118.2509
187,187,90014,2023,A,1299188,34.0443,-118.2509
188,188,90015,2020,A,1261329,34.0434,-118.2716
189,189,90015,2020,B,1524802,34.0434,-118.2716
190,190,90015,2020,C,1456264,34.0434,-118.2716
191,191,90015,2020,D,1254615,34.0434,-118.2716
192,192,90015,2021,A,1492254,34.0434,-118.2716
193,193,90015,2021,B,2070175,34.0434,-118.2716
194,194,90015,2021,C,2008903,34.0434,-118.2716
195,195,90015,2021,D,1979200,34.0434,-118.2716
196,196,90015,2022,A,2177541,34.0434,-118.2716
197,197,90015,2022,B,2426046,34.0434,-118.2716
198,198,90015,2022,C,2309543,34.0434,-118.2716
199,199,90015,2022,D,1960577,34.0434,-118.2716
200,200,90015,2023,A,1377307,34.0434,-118.2716
201,201,90016,2020,A,1786213,34.0298,-118.3528
202,202,90016,2020,B,2300313,34.0298,-118.3528
203,203,90016,2020,C,1488590,34.0298,-118.3528
204,204,90016,2020,D,1415768,34.0298,-118.3528
205,205,90016,2021,A,1884934,34.0298,-118.3528
206,206,90016,2021,B,1920212,34.0298,-118.3528
207,207,90016,2021,C,2298411,34.0298,-118.3528
208,208,90016,2021,D,1892356,34.0298,-118.3528
209,209,90016,2022,A,2055479,34.0298,-118.3528
210,210,90016,2022,B,2469438,34.0298,-118.3528
211,211,90016,2022,C,2154438,34.0298,-118.3528
212,212,90016,2022,D,1894589,34.0298,-118.3528
213,213,90016,2023,A,1641647,34.0298,-118.3528
214,214,90017,2020,A,1889148,34.0559,-118.2666
215,215,90017,2020,B,2126452,34.0559,-118.2666
216,216,90017,2020,C,2168692,34.0559,-118.2666
217,217,90017,2020,D,2924838,34.0559,-118.2666
218,218,90017,2021,A,2828459,34.0559,-118.2666
219,219,90017,2021,B,2823342,34.0559,-118.2666
220,220,90017,2021,C,2559706,34.0559,-118.2666
221,221,90017,2021,D,3143037,34.0559,-118.2666
222,222,90017,2022,A,2727288,34.0559,-118.2666
223,223,90017,2022,B,2962217,34.0559,-118.2666
224,224,90017,2022,C,2938161,34.0559,-118.2666
225,225,90017,2022,D,3053910,34.0559,-118.2666
226,226,90017,2023,A,1971578,34.0559,-118.2666
227,227,90018,2020,A,1440879,34.029,-118.3152
228,228,90018,2020,B,1657996,34.029,-118.3152
229,229,90018,2020,C,1436472,34.029,-118.3152
230,230,90018,2020,D,1191817,34.029,-118.3152
231,231,90018,2021,A,1679758,34.029,-118.3152
232,232,90018,2021,B,1699513,34.029,-118.3152
233,233,90018,2021,C,1704435,34.029,-118.3152
234,234,90018,2021,D,1870367,34.029,-118.3152
235,235,90018,2022,A,1281018,34.029,-118.3152
236,236,90018,2022,B,1523862,34.029,-118.3152
237,237,90018,2022,C,1720197,34.029,-118.3152
238,238,90018,2022,D,1503237,34.029,-118.3152
239,239,90018,2023,A,1306288,34.029,-118.3152
240,240,90019,2020,A,2408178,34.0482,-118.3343
241,241,90019,2020,B,2902943,34.0482,-118.3343
242,242,90019,2020,C,1592302,34.0482,-118.3343
243,243,90019,2020,D,1441999,34.0482,-118.3343
244,244,90019,2021,A,2100526,34.0482,-118.3343
245,245,90019,2021,B,2269346,34.0482,-118.3343
246,246,90019,2021,C,2504829,34.0482,-118.3343
247,247,90019,2021,D,2102795,34.0482,-118.3343
248,248,90019,2022,A,1697426,34.0482,-118.3343
249,249,90019,2022,B,2342870,34.0482,-118.3343
250,250,90019,2022,C,2339816,34.0482,-118.3343
251,251,90019,2022,D,2594883,34.0482,-118.3343
252,252,90019,2023,A,1867176,34.0482,-118.3343
253,253,90020,2020,A,1106308,34.0665,-118.3022
254,254,90020,2020,B,1346708,34.0665,-118.3022
255,255,90020,2020,C,1588450,34.0665,-118.3022
256,256,90020,2020,D,1080584,34.0665,-118.3022
257,257,90020,2021,A,1547187,34.0665,-118.3022
258,258,90020,2021,B,1068173,34.0665,-118.3022
259,259,90020,2021,C,1691848,34.0665,-118.3022
260,260,90020,2021,D,1583951,34.0665,-118.3022
261,261,90020,2022,A,1652999,34.0665,-118.3022
262,262,90020,2022,B,1924126,34.0665,-118.3022
263,263,90020,2022,C,1888447,34.0665,-118.3022
264,264,90020,2022,D,1598806,34.0665,-118.3022
265,265,90020,2023,A,986639,34.0665,-118.3022
266,266,90021,2020,A,1354250,34.0333,-118.2447
267,267,90021,2020,B,1616237,34.0333,-118.2447
268,268,90021,2020,C,1127743,34.0333,-118.2447
269,269,90021,2020,D,869032,34.0333,-118.2447
270,270,90021,2021,A,1456605,34.0333,-118.2447
271,271,90021,2021,B,1599207,34.0333,-118.2447
272,272,90021,2021,C,1547093,34.0333,-118.2447
273,273,90021,2021,D,1663463,34.0333,-118.2447
274,274,90021,2022,A,2029856,34.0333,-118.2447
275,275,90021,2022,B,2121254,34.0333,-118.2447
276,276,90021,2022,C,2726495,34.0333,-118.2447
277,277,90021,2022,D,2038010,34.0333,-118.2447
278,278,90021,2023,A,1477155,34.0333,-118.2447
279,279,90023,2020,A,1225711,34.0245,-118.1975
280,280,90023,2020,B,1471877,34.0245,-118.1975
281,281,90023,2020,C,912319,34.0245,-118.1975
282,282,90023,2020,D,969586,34.0245,-118.1975
283,283,90023,2021,A,1256382,34.0245,-118.1975
284,284,90023,2021,B,1593259,34.0245,-118.1975
285,285,90023,2021,C,1539861,34.0245,-118.1975
286,286,90023,2021,D,1381686,34.0245,-118.1975
287,287,90023,2022,A,1551088,34.0245,-118.1975
288,288,90023,2022,B,1656651,34.0245,-118.1975
289,289,90023,2022,C,1788769,34.0245,-118.1975
290,290,90023,2022,D,1267987,34.0245,-118.1975
291,291,90023,2023,A,1113845,34.0245,-118.1975
292,292,90024,2020,A,672943,34.0637,-118.4408
293,293,90024,2020,B,804409,34.0637,-118.4408
294,294,90024,2020,C,452705,34.0637,-118.4408
295,295,90024,2020,D,541346,34.0637,-118.4408
296,296,90024,2021,A,709637,34.0637,-118.4408
297,297,90024,2021,B,646054,34.0637,-118.4408
298,298,90024,2021,C,584469,34.0637,-118.4408
299,299,90024,2021,D,718360,34.0637,-118.4408
300,300,90024,2022,A,570515,34.0637,-118.4408
301,301,90024,2022,B,703149,34.0637,-118.4408
302,302,90024,2022,C,628426,34.0637,-118.4408
303,303,90024,2022,D,616072,34.0637,-118.4408
304,304,90024,2023,A,755644,34.0637,-118.4408
305,305,90025,2020,A,1889543,34.0447,-118.4487
306,306,90025,2020,B,2142014,34.0447,-118.4487
307,307,90025,2020,C,1723084,34.0447,-118.4487
308,308,90025,2020,D,1530303,34.0447,-118.4487
309,309,90025,2021,A,1567192,34.0447,-118.4487
310,310,90025,2021,B,1658948,34.0447,-118.4487
311,311,90025,2021,C,1819664,34.0447,-118.4487
312,312,90025,2021,D,1665493,34.0447,-118.4487
313,313,90025,2022,A,2141555,34.0447,-118.4487
314,314,90025,2022,B,1784845,34.0447,-118.4487
315,315,90025,2022,C,1967868,34.0447,-118.4487
316,316,90025,2022,D,1971442,34.0447,-118.4487
317,317,90025,2023,A,1463854,34.0447,-118.4487
318,318,90026,2020,A,2358111,34.0766,-118.2646
319,319,90026,2020,B,2284318,34.0766,-118.2646
320,320,90026,2020,C,1993996,34.0766,-118.2646
321,321,90026,2020,D,1717381,34.0766,-118.2646
322,322,90026,2021,A,2018588,34.0766,-118.2646
323,323,90026,2021,B,1756663,34.0766,-118.2646
324,324,90026,2021,C,2137489,34.0766,-118.2646
325,325,90026,2021,D,2239360,34.0766,-118.2646
326,326,90026,2022,A,2441679,34.0766,-118.2646
327,327,90026,2022,B,2415583,34.0766,-118.2646
328,328,90026,2022,C,2814650,34.0766,-118.2646
329,329,90026,2022,D,2292237,34.0766,-118.2646
330,330,90026,2023,A,1471063,34.0766,-118.2646
331,331,90027,2020,A,1224563,34.104,-118.2925
332,332,90027,2020,B,1743982,34.104,-118.2925
333,333,90027,2020,C,1304258,34.104,-118.2925
334,334,90027,2020,D,1311168,34.104,-118.2925
335,335,90027,2021,A,1621739,34.104,-118.2925
336,336,90027,2021,B,1698786,34.104,-118.2925
337,337,90027,2021,C,1708360,34.104,-118.2925
338,338,90027,2021,D,1676177,34.104,-118.2925
339,339,90027,2022,A,1634107,34.104,-118.2925
340,340,90027,2022,B,1892118,34.104,-118.2925
341,341,90027,2022,C,1634011,34.104,-118.2925
342,342,90027,2022,D,1514275,34.104,-118.2925
343,343,90027,2023,A,1395959,34.104,-118.2925
344,344,90028,2020,A,3251871,34.1005,-118.3254
345,345,90028,2020,B,3348628,34.1005,-118.3254
346,346,90028,2020,C,3471942,34.1005,-118.3254
347,347,90028,2020,D,3895854,34.1005,-118.3254
348,348,90028,2021,A,3360466,34.1005,-118.3254
349,349,90028,2021,B,4409814,34.1005,-118.3254
350,350,90028,2021,C,5288764,34.1005,-118.3254
351,351,90028,2021,D,4921189,34.1005,-118.3254
352,352,90028,2022,A,4197105,34.1005,-118.3254
353,353,90028,2022,B,4595012,34.1005,-118.3254
354,354,90028,2022,C,4666417,34.1005,-118.3254
355,355,90028,2022,D,3628677,34.1005,-118.3254
356,356,90028,2023,A,2805192,34.1005,-118.3254
357,357,90029,2020,A,1568893,34.09,-118.2944
358,358,90029,2020,B,1759418,34.09,-118.2944
359,359,90029,2020,C,1498226,34.09,-118.2944
360,360,90029,2020,D,1235779,34.09,-118.2944
361,361,90029,2021,A,1533665,34.09,-118.2944
362,362,90029,2021,B,1519000,34.09,-118.2944
363,363,90029,2021,C,1592369,34.09,-118.2944
364,364,90029,2021,D,1702525,34.09,-118.2944
365,365,90029,2022,A,1386676,34.09,-118.2944
366,366,90029,2022,B,1914244,34.09,-118.2944
367,367,90029,2022,C,1897199,34.09,-118.2944
368,368,90029,2022,D,1641741,34.09,-118.2944
369,369,90029,2023,A,1094403,34.09,-118.2944
370,370,90031,2020,A,1311007,34.0783,-118.2113
371,371,90031,2020,B,954523,34.0783,-118.2113
372,372,90031,2020,C,826615,34.0783,-118.2113
373,373,90031,2020,D,889152,34.0783,-118.2113
374,374,90031,2021,A,1387479,34.0783,-118.2113
375,375,90031,2021,B,1179228,34.0783,-118.2113
376,376,90031,2021,C,1461198,34.0783,-118.2113
377,377,90031,2021,D,1242061,34.0783,-118.2113
378,378,90031,2022,A,1349601,34.0783,-118.2113
379,379,90031,2022,B,1553934,34.0783,-118.2113
380,380,90031,2022,C,1723482,34.0783,-118.2113
381,381,90031,2022,D,936029,34.0783,-118.2113
382,382,90031,2023,A,1125134,34.0783,-118.2113
383,383,90032,2020,A,1141231,34.0818,-118.1753
384,384,90032,2020,B,1138893,34.0818,-118.1753
385,385,90032,2020,C,831609,34.0818,-118.1753
386,386,90032,2020,D,868654,34.0818,-118.1753
387,387,90032,2021,A,1102262,34.0818,-118.1753
388,388,90032,2021,B,632423,34.0818,-118.1753
389,389,90032,2021,C,1305761,34.0818,-118.1753
390,390,90032,2021,D,1019769,34.0818,-118.1753
391,391,90032,2022,A,948323,34.0818,-118.1753
392,392,90032,2022,B,987132,34.0818,-118.1753
393,393,90032,2022,C,922920,34.0818,-118.1753
394,394,90032,2022,D,999844,34.0818,-118.1753
395,395,90032,2023,A,889329,34.0818,-118.1753
396,396,90033,2020,A,2070896,34.0487,-118.2084
397,397,90033,2020,B,1803363,34.0487,-118.2084
398,398,90033,2020,C,1472376,34.0487,-118.2084
399,399,90033,2020,D,1543180,34.0487,-118.2084
400,400,90033,2021,A,1997389,34.0487,-118.2084
401,401,90033,2021,B,1822500,34.0487,-118.2084
402,402,90033,2021,C,1774300,34.0487,-118.2084
403,403,90033,2021,D,1919986,34.0487,-118.2084
404,404,90033,2022,A,1555639,34.0487,-118.2084
405,405,90033,2022,B,1872449,34.0487,-118.2084
406,406,90033,2022,C,2304856,34.0487,-118.2084
407,407,90033,2022,D,2157546,34.0487,-118.2084
408,408,90033,2023,A,1579905,34.0487,-118.2084
409,409,90034,2020,A,1302716,34.029,-118.4005
410,410,90034,2020,B,1670179,34.029,-118.4005
411,411,90034,2020,C,1035699,34.029,-118.4005
412,412,90034,2020,D,1023280,34.029,-118.4005
413,413,90034,2021,A,1603551,34.029,-118.4005
414,414,90034,2021,B,1004194,34.029,-118.4005
415,415,90034,2021,C,1074535,34.029,-118.4005
416,416,90034,2021,D,1277979,34.029,-118.4005
417,417,90034,2022,A,1556647,34.029,-118.4005
418,418,90034,2022,B,1450641,34.029,-118.4005
419,419,90034,2022,C,1644873,34.029,-118.4005
420,420,90034,2022,D,1519898,34.029,-118.4005
421,421,90034,2023,A,1188693,34.029,-118.4005
422,422,90035,2020,A,954500,34.0531,-118.3806
423,423,90035,2020,B,932604,34.0531,-118.3806
424,424,90035,2020,C,605160,34.0531,-118.3806
425,425,90035,2020,D,554605,34.0531,-118.3806
426,426,90035,2021,A,978903,34.0531,-118.3806
427,427,90035,2021,B,832362,34.0531,-118.3806
428,428,90035,2021,C,959534,34.0531,-118.3806
429,429,90035,2021,D,814011,34.0531,-118.3806
430,430,90035,2022,A,651729,34.0531,-118.3806
431,431,90035,2022,B,896029,34.0531,-118.3806
432,432,90035,2022,C,786740,34.0531,-118.3806
433,433,90035,2022,D,755557,34.0531,-118.3806
434,434,90035,2023,A,456006,34.0531,-118.3806
435,435,90036,2020,A,1487493,34.0699,-118.3492
436,436,90036,2020,B,2368952,34.0699,-118.3492
437,437,90036,2020,C,1113984,34.0699,-118.3492
438,438,90036,2020,D,956585,34.0699,-118.3492
439,439,90036,2021,A,1413879,34.0699,-118.3492
440,440,90036,2021,B,1384428,34.0699,-118.3492
441,441,90036,2021,C,1391836,34.0699,-118.3492
442,442,90036,2021,D,1305035,34.0699,-118.3492
443,443,90036,2022,A,1734351,34.0699,-118.3492
444,444,90036,2022,B,1556302,34.0699,-118.3492
445,445,90036,2022,C,1604518,34.0699,-118.3492
446,446,90036,2022,D,1496274,34.0699,-118.3492
447,447,90036,2023,A,1075610,34.0699,-118.3492
448,448,90037,2020,A,3295946,34.003,-118.2863
449,449,90037,2020,B,3485754,34.003,-118.2863
450,450,90037,2020,C,2457861,34.003,-118.2863
451,451,90037,2020,D,2889750,34.003,-118.2863
452,452,90037,2021,A,2816151,34.003,-118.2863
453,453,90037,2021,B,2597175,34.003,-118.2863
454,454,90037,2021,C,3355320,34.003,-118.2863
455,455,90037,2021,D,3057105,34.003,-118.2863
456,456,90037,2022,A,3140544,34.003,-118.2863
457,457,90037,2022,B,3996417,34.003,-118.2863
458,458,90037,2022,C,3344555,34.003,-118.2863
459,459,90037,2022,D,3142542,34.003,-118.2863
460,460,90037,2023,A,2494127,34.003,-118.2863
461,461,90038,2020,A,1767834,34.0898,-118.3215
462,462,90038,2020,B,1803012,34.0898,-118.3215
463,463,90038,2020,C,1324758,34.0898,-118.3215
464,464,90038,2020,D,1655654,34.0898,-118.3215
465,465,90038,2021,A,1461320,34.0898,-118.3215
466,466,90038,2021,B,1716770,34.0898,-118.3215
467,467,90038,2021,C,2079828,34.0898,-118.3215
468,468,90038,2021,D,1889931,34.0898,-118.3215
469,469,90038,2022,A,1960961,34.0898,-118.3215
470,470,90038,2022,B,1882640,34.0898,-118.3215
471,471,90038,2022,C,2212064,34.0898,-118.3215
472,472,90038,2022,D,1844799,34.0898,-118.3215
473,473,90038,2023,A,1288665,34.0898,-118.3215
474,474,90039,2020,A,745386,34.1121,-118.2594
475,475,90039,2020,B,774886,34.1121,-118.2594
476,476,90039,2020,C,578896,34.1121,-118.2594
477,477,90039,2020,D,350838,34.1121,-118.2594
478,478,90039,2021,A,687277,34.1121,-118.2594
479,479,90039,2021,B,846614,34.1121,-118.2594
480,480,90039,2021,C,787479,34.1121,-118.2594
481,481,90039,2021,D,951588,34.1121,-118.2594
482,482,90039,2022,A,903303,34.1121,-118.2594
483,483,90039,2022,B,871422,34.1121,-118.2594
484,484,90039,2022,C,750314,34.1121,-118.2594
485,485,90039,2022,D,790517,34.1121,-118.2594
486,486,90039,2023,A,456680,34.1121,-118.2594
487,487,90040,2020,A,17000,33.9909,-118.1532
488,488,90040,2020,B,25080,33.9909,-118.1532
489,489,90040,2020,C,15000,33.9909,-118.1532
490,490,90040,2020,D,2000,33.9909,-118.1532
491,491,90040,2021,A,3800,33.9909,-118.1532
492,492,90040,2021,B,33640,33.9909,-118.1532
493,493,90040,2021,C,6200,33.9909,-118.1532
494,494,90040,2021,D,6000,33.9909,-118.1532
495,495,90040,2022,A,13600,33.9909,-118.1532
496,496,90040,2022,B,28600,33.9909,-118.1532
497,497,90040,2022,C,2800,33.9909,-118.1532
498,498,90040,2022,D,44480,33.9909,-118.1532
499,499,90040,2023,A,4700,33.9909,-118.1532
500,500,90041,2020,A,621702,34.1339,-118.2082
501,501,90041,2020,B,546511,34.1339,-118.2082
502,502,90041,2020,C,421173,34.1339,-118.2082
503,503,90041,2020,D,412209,34.1339,-118.2082
504,504,90041,2021,A,569232,34.1339,-118.2082
505,505,90041,2021,B,457654,34.1339,-118.2082
506,506,90041,2021,C,588931,34.1339,-118.2082
507,507,90041,2021,D,710549,34.1339,-118.2082
508,508,90041,2022,A,574412,34.1339,-118.2082
509,509,90041,2022,B,772427,34.1339,-118.2082
510,510,90041,2022,C,806563,34.1339,-118.2082
511,511,90041,2022,D,847966,34.1339,-118.2082
512,512,90041,2023,A,511312,34.1339,-118.2082
513,513,90042,2020,A,1197617,34.1145,-118.1929
514,514,90042,2020,B,1376164,34.1145,-118.1929
515,515,90042,2020,C,639087,34.1145,-118.1929
516,516,90042,2020,D,823633,34.1145,-118.1929
517,517,90042,2021,A,938615,34.1145,-118.1929
518,518,90042,2021,B,1148487,34.1145,-118.1929
519,519,90042,2021,C,853010,34.1145,-118.1929
520,520,90042,2021,D,966840,34.1145,-118.1929
521,521,90042,2022,A,904377,34.1145,-118.1929
522,522,90042,2022,B,826762,34.1145,-118.1929
523,523,90042,2022,C,798871,34.1145,-118.1929
524,524,90042,2022,D,921709,34.1145,-118.1929
525,525,90042,2023,A,913484,34.1145,-118.1929
526,526,90043,2020,A,1473526,33.9871,-118.3321
527,527,90043,2020,B,1221024,33.9871,-118.3321
528,528,90043,2020,C,1146441,33.9871,-118.3321
529,529,90043,2020,D,1257381,33.9871,-118.3321
530,530,90043,2021,A,2011340,33.9871,-118.3321
531,531,90043,2021,B,1662382,33.9871,-118.3321
532,532,90043,2021,C,2290460,33.9871,-118.3321
533,533,90043,2021,D,1295640,33.9871,-118.3321
534,534,90043,2022,A,1235785,33.9871,-118.3321
535,535,90043,2022,B,1557013,33.9871,-118.3321
536,536,90043,2022,C,1632221,33.9871,-118.3321
537,537,90043,2022,D,1331741,33.9871,-118.3321
538,538,90043,2023,A,1113779,33.9871,-118.3321
539,539,90044,2020,A,4437987,33.9551,-118.2901
540,540,90044,2020,B,4412765,33.9551,-118.2901
541,541,90044,2020,C,3500988,33.9551,-118.2901
542,542,90044,2020,D,3336830,33.9551,-118.2901
543,543,90044,2021,A,3606050,33.9551,-118.2901
544,544,90044,2021,B,3970612,33.9551,-118.2901
545,545,90044,2021,C,4380220,33.9551,-118.2901
546,546,90044,2021,D,3880069,33.9551,-118.2901
547,547,90044,2022,A,4067954,33.9551,-118.2901
548,548,90044,2022,B,4128231,33.9551,-118.2901
549,549,90044,2022,C,3798610,33.9551,-118.2901
550,550,90044,2022,D,3605079,33.9551,-118.2901
551,551,90044,2023,A,2395826,33.9551,-118.2901
552,552,90045,2020,A,1009721,33.9631,-118.3941
553,553,90045,2020,B,1083572,33.9631,-118.3941
554,554,90045,2020,C,576654,33.9631,-118.3941
555,555,90045,2020,D,660885,33.9631,-118.3941
556,556,90045,2021,A,958671,33.9631,-118.3941
557,557,90045,2021,B,1212196,33.9631,-118.3941
558,558,90045,2021,C,1235175,33.9631,-118.3941
559,559,90045,2021,D,1097342,33.9631,-118.3941
560,560,90045,2022,A,1263638,33.9631,-118.3941
561,561,90045,2022,B,1300307,33.9631,-118.3941
562,562,90045,2022,C,1367341,33.9631,-118.3941
563,563,90045,2022,D,1439234,33.9631,-118.3941
564,564,90045,2023,A,1110214,33.9631,-118.3941
565,565,90046,2020,A,1331503,34.1074,-118.3652
566,566,90046,2020,B,2498402,34.1074,-118.3652
567,567,90046,2020,C,1600292,34.1074,-118.3652
568,568,90046,2020,D,1676827,34.1074,-118.3652
569,569,90046,2021,A,1650671,34.1074,-118.3652
570,570,90046,2021,B,1337272,34.1074,-118.3652
571,571,90046,2021,C,1756926,34.1074,-118.3652
572,572,90046,2021,D,1838997,34.1074,-118.3652
573,573,90046,2022,A,1690756,34.1074,-118.3652
574,574,90046,2022,B,1686524,34.1074,-118.3652
575,575,90046,2022,C,1559280,34.1074,-118.3652
576,576,90046,2022,D,1411483,34.1074,-118.3652
577,577,90046,2023,A,1123512,34.1074,-118.3652
578,578,90047,2020,A,2096817,33.9569,-118.3073
579,579,90047,2020,B,2206763,33.9569,-118.3073
580,580,90047,2020,C,1987064,33.9569,-118.3073
581,581,90047,2020,D,1684506,33.9569,-118.3073
582,582,90047,2021,A,2332552,33.9569,-118.3073
583,583,90047,2021,B,1990799,33.9569,-118.3073
584,584,90047,2021,C,1875897,33.9569,-118.3073
585,585,90047,2021,D,1740965,33.9569,-118.3073
586,586,90047,2022,A,1511573,33.9569,-118.3073
587,587,90047,2022,B,1982402,33.9569,-118.3073
588,588,90047,2022,C,2335580,33.9569,-118.3073
589,589,90047,2022,D,1770369,33.9569,-118.3073
590,590,90047,2023,A,1326241,33.9569,-118.3073
591,591,90048,2020,A,1121833,34.0737,-118.372
592,592,90048,2020,B,2399518,34.0737,-118.372
593,593,90048,2020,C,932833,34.0737,-118.372
594,594,90048,2020,D,1128877,34.0737,-118.372
595,595,90048,2021,A,1147748,34.0737,-118.372
596,596,90048,2021,B,1055543,34.0737,-118.372
597,597,90048,2021,C,960064,34.0737,-118.372
598,598,90048,2021,D,1348338,34.0737,-118.372
599,599,90048,2022,A,1194228,34.0737,-118.372
600,600,90048,2022,B,1063032,34.0737,-118.372
601,601,90048,2022,C,1187003,34.0737,-118.372
602,602,90048,2022,D,1227940,34.0737,-118.372
603,603,90048,2023,A,940507,34.0737,-118.372
604,604,90049,2020,A,582593,34.066,-118.474
605,605,90049,2020,B,516031,34.066,-118.474
606,606,90049,2020,C,384595,34.066,-118.474
607,607,90049,2020,D,288674,34.066,-118.474
608,608,90049,2021,A,559169,34.066,-118.474
609,609,90049,2021,B,636756,34.066,-118.474
610,610,90049,2021,C,536911,34.066,-118.474
611,611,90049,2021,D,810417,34.066,-118.474
612,612,90049,2022,A,628215,34.066,-118.474
613,613,90049,2022,B,721683,34.066,-118.474
614,614,90049,2022,C,607017,34.066,-118.474
615,615,90049,2022,D,647521,34.066,-118.474
616,616,90049,2023,A,396659,34.066,-118.474
617,617,90052,2020,A,98160,34.0522,-118.2437
618,618,90052,2020,B,145080,34.0522,-118.2437
619,619,90052,2020,C,137081,34.0522,-118.2437
620,620,90052,2020,D,109881,34.0522,-118.2437
621,621,90052,2021,A,86881,34.0522,-118.2437
622,622,90052,2021,B,118891,34.0522,-118.2437
623,623,90052,2021,C,157364,34.0522,-118.2437
624,624,90052,2021,D,177202,34.0522,-118.2437
625,625,90052,2022,A,150282,34.0522,-118.2437
626,626,90052,2022,B,123640,34.0522,-118.2437
627,627,90052,2022,C,283532,34.0522,-118.2437
628,628,90052,2022,D,107882,34.0522,-118.2437
629,629,90052,2023,A,183481,34.0522,-118.2437
630,630,90053,2020,A,196801,34.0522,-118.2437
631,631,90053,2020,B,109680,34.0522,-118.2437
632,632,90053,2020,C,48320,34.0522,-118.2437
633,633,90053,2020,D,131204,34.0522,-118.2437
634,634,90053,2021,A,22082,34.0522,-118.2437
635,635,90053,2021,B,79120,34.0522,-118.2437
636,636,90053,2021,C,40882,34.0522,-118.2437
637,637,90053,2021,D,50000,34.0522,-118.2437
638,638,90053,2022,A,65882,34.0522,-118.2437
639,639,90053,2022,B,24404,34.0522,-118.2437
640,640,90053,2022,C,31445,34.0522,-118.2437
641,641,90053,2022,D,38083,34.0522,-118.2437
642,642,90053,2023,A,4803,34.0522,-118.2437
643,643,90056,2020,A,22883,33.9853,-118.3707
644,644,90056,2020,B,27081,33.9853,-118.3707
645,645,90056,2020,C,21400,33.9853,-118.3707
646,646,90056,2020,D,3000,33.9853,-118.3707
647,647,90056,2021,A,10442,33.9853,-118.3707
648,648,90056,2021,B,9080,33.9853,-118.3707
649,649,90056,2021,C,7210,33.9853,-118.3707
650,650,90056,2021,D,3201,33.9853,-118.3707
651,651,90056,2022,A,39803,33.9853,-118.3707
652,652,90056,2022,B,17081,33.9853,-118.3707
653,653,90056,2022,C,83484,33.9853,-118.3707
654,654,90056,2022,D,78761,33.9853,-118.3707
655,655,90056,2023,A,11203,33.9853,-118.3707
656,656,90057,2020,A,2623329,34.0622,-118.2763
657,657,90057,2020,B,2389134,34.0622,-118.2763
658,658,90057,2020,C,2377495,34.0622,-118.2763
659,659,90057,2020,D,1856247,34.0622,-118.2763
660,660,90057,2021,A,2630118,34.0622,-118.2763
661,661,90057,2021,B,2445728,34.0622,-118.2763
662,662,90057,2021,C,2664928,34.0622,-118.2763
663,663,90057,2021,D,2716404,34.0622,-118.2763
664,664,90057,2022,A,3118466,34.0622,-118.2763
665,665,90057,2022,B,3260261,34.0622,-118.2763
666,666,90057,2022,C,3309653,34.0622,-118.2763
667,667,90057,2022,D,3426011,34.0622,-118.2763
668,668,90057,2023,A,2412883,34.0622,-118.2763
669,669,90058,2020,A,445495,33.9994,-118.2133
670,670,90058,2020,B,345400,33.9994,-118.2133
671,671,90058,2020,C,438360,33.9994,-118.2133
672,672,90058,2020,D,436880,33.9994,-118.2133
673,673,90058,2021,A,499980,33.9994,-118.2133
674,674,90058,2021,B,473125,33.9994,-118.2133
675,675,90058,2021,C,673685,33.9994,-118.2133
676,676,90058,2021,D,577296,33.9994,-118.2133
677,677,90058,2022,A,421077,33.9994,-118.2133
678,678,90058,2022,B,468291,33.9994,-118.2133
679,679,90058,2022,C,570306,33.9994,-118.2133
680,680,90058,2022,D,529457,33.9994,-118.2133
681,681,90058,2023,A,547176,33.9994,-118.2133
682,682,90059,2020,A,1191550,33.9293,-118.2463
683,683,90059,2020,B,1702527,33.9293,-118.2463
684,684,90059,2020,C,1114610,33.9293,-118.2463
685,685,90059,2020,D,1161298,33.9293,-118.2463
686,686,90059,2021,A,1324738,33.9293,-118.2463
687,687,90059,2021,B,1640040,33.9293,-118.2463
688,688,90059,2021,C,1565251,33.9293,-118.2463
689,689,90059,2021,D,1388000,33.9293,-118.2463
690,690,90059,2022,A,1314458,33.9293,-118.2463
691,691,90059,2022,B,1308161,33.9293,-118.2463
692,692,90059,2022,C,1141694,33.9293,-118.2463
693,693,90059,2022,D,1222135,33.9293,-118.2463
694,694,90059,2023,A,1293460,33.9293,-118.2463
695,695,90061,2020,A,1444865,33.9245,-118.2716
696,696,90061,2020,B,1404953,33.9245,-118.2716
697,697,90061,2020,C,1058992,33.9245,-118.2716
698,698,90061,2020,D,1178402,33.9245,-118.2716
699,699,90061,2021,A,1036270,33.9245,-118.2716
700,700,90061,2021,B,1572369,33.9245,-118.2716
701,701,90061,2021,C,1582498,33.9245,-118.2716
702,702,90061,2021,D,1561246,33.9245,-118.2716
703,703,90061,2022,A,1524980,33.9245,-118.2716
704,704,90061,2022,B,1580134,33.9245,-118.2716
705,705,90061,2022,C,1668915,33.9245,-118.2716
706,706,90061,2022,D,1384879,33.9245,-118.2716
707,707,90061,2023,A,1271312,33.9245,-118.2716
708,708,90062,2020,A,2263660,34.0032,-118.3073
709,709,90062,2020,B,1998446,34.0032,-118.3073
710,710,90062,2020,C,1857192,34.0032,-118.3073
711,711,90062,2020,D,1580226,34.0032,-118.3073
712,712,90062,2021,A,1645299,34.0032,-118.3073
713,713,90062,2021,B,1986205,34.0032,-118.3073
714,714,90062,2021,C,2188086,34.0032,-118.3073
715,715,90062,2021,D,2432401,34.0032,-118.3073
716,716,90062,2022,A,2057138,34.0032,-118.3073
717,717,90062,2022,B,2224150,34.0032,-118.3073
718,718,90062,2022,C,2418810,34.0032,-118.3073
719,719,90062,2022,D,1846043,34.0032,-118.3073
720,720,90062,2023,A,1286591,34.0032,-118.3073
721,721,90063,2020,A,213457,34.0451,-118.1859
722,722,90063,2020,B,173042,34.0451,-118.1859
723,723,90063,2020,C,186245,34.0451,-118.1859
724,724,90063,2020,D,170972,34.0451,-118.1859
725,725,90063,2021,A,206054,34.0451,-118.1859
726,726,90063,2021,B,192044,34.0451,-118.1859
727,727,90063,2021,C,329780,34.0451,-118.1859
728,728,90063,2021,D,269018,34.0451,-118.1859
729,729,90063,2022,A,259544,34.0451,-118.1859
730,730,90063,2022,B,157620,34.0451,-118.1859
731,731,90063,2022,C,230431,34.0451,-118.1859
732,732,90063,2022,D,311739,34.0451,-118.1859
733,733,90063,2023,A,125463,34.0451,-118.1859
734,734,90064,2020,A,1596157,34.0353,-118.4259
735,735,90064,2020,B,1695545,34.0353,-118.4259
736,736,90064,2020,C,1230495,34.0353,-118.4259
737,737,90064,2020,D,1239428,34.0353,-118.4259
738,738,90064,2021,A,1539860,34.0353,-118.4259
739,739,90064,2021,B,1323136,34.0353,-118.4259
740,740,90064,2021,C,1439440,34.0353,-118.4259
741,741,90064,2021,D,1554971,34.0353,-118.4259
742,742,90064,2022,A,1549212,34.0353,-118.4259
743,743,90064,2022,B,1403558,34.0353,-118.4259
744,744,90064,2022,C,1856884,34.0353,-118.4259
745,745,90064,2022,D,1603258,34.0353,-118.4259
746,746,90064,2023,A,1137861,34.0353,-118.4259
747,747,90065,2020,A,840338,34.1073,-118.2266
748,748,90065,2020,B,1089260,34.1073,-118.2266
749,749,90065,2020,C,668611,34.1073,-118.2266
750,750,90065,2020,D,662148,34.1073,-118.2266
751,751,90065,2021,A,1014951,34.1073,-118.2266
752,752,90065,2021,B,722449,34.1073,-118.2266
753,753,90065,2021,C,1262636,34.1073,-118.2266
754,754,90065,2021,D,1078397,34.1073,-118.2266
755,755,90065,2022,A,1006255,34.1073,-118.2266
756,756,90065,2022,B,788924,34.1073,-118.2266
757,757,90065,2022,C,1188293,34.1073,-118.2266
758,758,90065,2022,D,910507,34.1073,-118.2266
759,759,90065,2023,A,738780,34.1073,-118.2266
760,760,90066,2020,A,1089941,34.003,-118.4298
761,761,90066,2020,B,1218621,34.003,-118.4298
762,762,90066,2020,C,830246,34.003,-118.4298
763,763,90066,2020,D,797125,34.003,-118.4298
764,764,90066,2021,A,1146411,34.003,-118.4298
765,765,90066,2021,B,1095630,34.003,-118.4298
766,766,90066,2021,C,832394,34.003,-118.4298
767,767,90066,2021,D,1016994,34.003,-118.4298
768,768,90066,2022,A,1183084,34.003,-118.4298
769,769,90066,2022,B,1016276,34.003,-118.4298
770,770,90066,2022,C,768012,34.003,-118.4298
771,771,90066,2022,D,1214010,34.003,-118.4298
772,772,90066,2023,A,1088382,34.003,-118.4298
773,773,90067,2020,A,155746,34.0551,-118.4095
774,774,90067,2020,B,133782,34.0551,-118.4095
775,775,90067,2020,C,108983,34.0551,-118.4095
776,776,90067,2020,D,142654,34.0551,-118.4095
777,777,90067,2021,A,125085,34.0551,-118.4095
778,778,90067,2021,B,131690,34.0551,-118.4095
779,779,90067,2021,C,154979,34.0551,-118.4095
780,780,90067,2021,D,213447,34.0551,-118.4095
781,781,90067,2022,A,60783,34.0551,-118.4095
782,782,90067,2022,B,116666,34.0551,-118.4095
783,783,90067,2022,C,58477,34.0551,-118.4095
784,784,90067,2022,D,48013,34.0551,-118.4095
785,785,90067,2023,A,130405,34.0551,-118.4095
786,786,90068,2020,A,605311,34.1156,-118.3305
787,787,90068,2020,B,577053,34.1156,-118.3305
788,788,90068,2020,C,431169,34.1156,-118.3305
789,789,90068,2020,D,389329,34.1156,-118.3305
790,790,90068,2021,A,594117,34.1156,-118.3305
791,791,90068,2021,B,575794,34.1156,-118.3305
792,792,90068,2021,C,708923,34.1156,-118.3305
793,793,90068,2021,D,602331,34.1156,-118.3305
794,794,90068,2022,A,672993,34.1156,-118.3305
795,795,90068,2022,B,614092,34.1156,-118.3305
796,796,90068,2022,C,600807,34.1156,-118.3305
797,797,90068,2022,D,692726,34.1156,-118.3305
798,798,90068,2023,A,430116,34.1156,-118.3305
799,799,90069,2020,A,364093,34.0906,-118.3788
800,800,90069,2020,B,349668,34.0906,-118.3788
801,801,90069,2020,C,162962,34.0906,-118.3788
802,802,90069,2020,D,280285,34.0906,-118.3788
803,803,90069,2021,A,185245,34.0906,-118.3788
804,804,90069,2021,B,355341,34.0906,-118.3788
805,805,90069,2021,C,417088,34.0906,-118.3788
806,806,90069,2021,D,439158,34.0906,-118.3788
807,807,90069,2022,A,352021,34.0906,-118.3788
808,808,90069,2022,B,399405,34.0906,-118.3788
809,809,90069,2022,C,302957,34.0906,-118.3788
810,810,90069,2022,D,281894,34.0906,-118.3788
811,811,90069,2023,A,273322,34.0906,-118.3788
812,812,90071,2020,A,654783,34.0529,-118.2549
813,813,90071,2020,B,804143,34.0529,-118.2549
814,814,90071,2020,C,696282,34.0529,-118.2549
815,815,90071,2020,D,458531,34.0529,-118.2549
816,816,90071,2021,A,904529,34.0529,-118.2549
817,817,90071,2021,B,543246,34.0529,-118.2549
818,818,90071,2021,C,568546,34.0529,-118.2549
819,819,90071,2021,D,769420,34.0529,-118.2549
820,820,90071,2022,A,855118,34.0529,-118.2549
821,821,90071,2022,B,1130711,34.0529,-118.2549
822,822,90071,2022,C,1048144,34.0529,-118.2549
823,823,90071,2022,D,875754,34.0529,-118.2549
824,824,90071,2023,A,874319,34.0529,-118.2549
825,825,90073,2020,A,210529,33.7866,-118.2987
826,826,90073,2020,B,299007,33.7866,-118.2987
827,827,90073,2020,C,93425,33.7866,-118.2987
828,828,90073,2020,D,207457,33.7866,-118.2987
829,829,90073,2021,A,216368,33.7866,-118.2987
830,830,90073,2021,B,106827,33.7866,-118.2987
831,831,90073,2021,C,222050,33.7866,-118.2987
832,832,90073,2021,D,109814,33.7866,-118.2987
833,833,90073,2022,A,156750,33.7866,-118.2987
834,834,90073,2022,B,250381,33.7866,-118.2987
835,835,90073,2022,C,108400,33.7866,-118.2987
836,836,90073,2022,D,145016,33.7866,-118.2987
837,837,90073,2023,A,63330,33.7866,-118.2987
838,838,90074,2020,A,310658,34.0522,-118.2437
839,839,90074,2020,B,264203,34.0522,-118.2437
840,840,90074,2020,C,317040,34.0522,-118.2437
841,841,90074,2020,D,218672,34.0522,-118.2437
842,842,90074,2021,A,285206,34.0522,-118.2437
843,843,90074,2021,B,272723,34.0522,-118.2437
844,844,90074,2021,C,378610,34.0522,-118.2437
845,845,90074,2021,D,324851,34.0522,-118.2437
846,846,90074,2022,A,609734,34.0522,-118.2437
847,847,90074,2022,B,514652,34.0522,-118.2437
848,848,90074,2022,C,555261,34.0522,-118.2437
849,849,90074,2022,D,533773,34.0522,-118.2437
850,850,90074,2023,A,411784,34.0522,-118.2437
851,851,90077,2020,A,237007,34.1112,-118.4502
852,852,90077,2020,B,202251,34.1112,-118.4502
853,853,90077,2020,C,73294,34.1112,-118.4502
854,854,90077,2020,D,67201,34.1112,-118.4502
855,855,90077,2021,A,131615,34.1112,-118.4502
856,856,90077,2021,B,197942,34.1112,-118.4502
857,857,90077,2021,C,243382,34.1112,-118.4502
858,858,90077,2021,D,214647,34.1112,-118.4502
859,859,90077,2022,A,109572,34.1112,-118.4502
860,860,90077,2022,B,198966,34.1112,-118.4502
861,861,90077,2022,C,155855,34.1112,-118.4502
862,862,90077,2022,D,174489,34.1112,-118.4502
863,863,90077,2023,A,74286,34.1112,-118.4502
864,864,90079,2020,A,290003,33.7866,-118.2987
865,865,90079,2020,B,223512,33.7866,-118.2987
866,866,90079,2020,C,189481,33.7866,-118.2987
867,867,90079,2020,D,197291,33.7866,-118.2987
868,868,90079,2021,A,272124,33.7866,-118.2987
869,869,90079,2021,B,277321,33.7866,-118.2987
870,870,90079,2021,C,429932,33.7866,-118.2987
871,871,90079,2021,D,242760,33.7866,-118.2987
872,872,90079,2022,A,255241,33.7866,-118.2987
873,873,90079,2022,B,274931,33.7866,-118.2987
874,874,90079,2022,C,454747,33.7866,-118.2987
875,875,90079,2022,D,444252,33.7866,-118.2987
876,876,90079,2023,A,370601,33.7866,-118.2987
877,877,90086,2020,A,178272,34.0522,-118.2437
878,878,90086,2020,B,368050,34.0522,-118.2437
879,879,90086,2020,C,157471,34.0522,-118.2437
880,880,90086,2020,D,158090,34.0522,-118.2437
881,881,90086,2021,A,286281,34.0522,-118.2437
882,882,90086,2021,B,281691,34.0522,-118.2437
883,883,90086,2021,C,148684,34.0522,-118.2437
884,884,90086,2021,D,280684,34.0522,-118.2437
885,885,90086,2022,A,321103,34.0522,-118.2437
886,886,90086,2022,B,268828,34.0522,-118.2437
887,887,90086,2022,C,306122,34.0522,-118.2437
888,888,90086,2022,D,449608,34.0522,-118.2437
889,889,90086,2023,A,224486,34.0522,-118.2437
890,890,90089,2020,A,334151,33.7866,-118.2987
891,891,90089,2020,B,382638,33.7866,-118.2987
892,892,90089,2020,C,312172,33.7866,-118.2987
893,893,90089,2020,D,235523,33.7866,-118.2987
894,894,90089,2021,A,209832,33.7866,-118.2987
895,895,90089,2021,B,273242,33.7866,-118.2987
896,896,90089,2021,C,410084,33.7866,-118.2987
897,897,90089,2021,D,283534,33.7866,-118.2987
898,898,90089,2022,A,515965,33.7866,-118.2987
899,899,90089,2022,B,613849,33.7866,-118.2987
900,900,90089,2022,C,345258,33.7866,-118.2987
901,901,90089,2022,D,501497,33.7866,-118.2987
902,902,90089,2023,A,334713,33.7866,-118.2987
903,903,90094,2020,A,191819,33.9728,-118.4276
904,904,90094,2020,B,248640,33.9728,-118.4276
905,905,90094,2020,C,276663,33.9728,-118.4276
906,906,90094,2020,D,189604,33.9728,-118.4276
907,907,90094,2021,A,299780,33.9728,-118.4276
908,908,90094,2021,B,343713,33.9728,-118.4276
909,909,90094,2021,C,317240,33.9728,-118.4276
910,910,90094,2021,D,317406,33.9728,-118.4276
911,911,90094,2022,A,355025,33.9728,-118.4276
912,912,90094,2022,B,273895,33.9728,-118.4276
913,913,90094,2022,C,218054,33.9728,-118.4276
914,914,90094,2022,D,263409,33.9728,-118.4276
915,915,90094,2023,A,303936,33.9728,-118.4276
916,916,90095,2020,A,84882,33.7866,-118.2987
917,917,90095,2020,B,106564,33.7866,-118.2987
918,918,90095,2020,C,21894,33.7866,-118.2987
919,919,90095,2020,D,24082,33.7866,-118.2987
920,920,90095,2021,A,55015,33.7866,-118.2987
921,921,90095,2021,B,54203,33.7866,-118.2987
922,922,90095,2021,C,47685,33.7866,-118.2987
923,923,90095,2021,D,86734,33.7866,-118.2987
924,924,90095,2022,A,86788,33.7866,-118.2987
925,925,90095,2022,B,148866,33.7866,-118.2987
926,926,90095,2022,C,61493,33.7866,-118.2987
927,927,90095,2022,D,105203,33.7866,-118.2987
928,928,90095,2023,A,111282,33.7866,-118.2987
929,929,90096,2020,A,18005,34.0522,-118.2437
930,930,90096,2020,B,106361,34.0522,-118.2437
931,931,90096,2020,C,73761,34.0522,-118.2437
932,932,90096,2020,D,285321,34.0522,-118.2437
933,933,90096,2021,A,116541,34.0522,-118.2437
934,934,90096,2021,B,121291,34.0522,-118.2437
935,935,90096,2021,C,111164,34.0522,-118.2437
936,936,90096,2021,D,73691,34.0522,-118.2437
937,937,90096,2022,A,99843,34.0522,-118.2437
938,938,90096,2022,B,77923,34.0522,-118.2437
939,939,90096,2022,C,83372,34.0522,-118.2437
940,940,90096,2022,D,123922,34.0522,-118.2437
941,941,90096,2023,A,37684,34.0522,-118.2437
942,942,90201,2020,A,8000,33.9653,-118.1515
943,943,90201,2020,B,69400,33.9653,-118.1515
944,944,90201,2020,C,42480,33.9653,-118.1515
945,945,90201,2020,D,22200,33.9653,-118.1515
946,946,90201,2021,A,64600,33.9653,-118.1515
947,947,90201,2021,B,47200,33.9653,-118.1515
948,948,90201,2021,C,88000,33.9653,-118.1515
949,949,90201,2021,D,31000,33.9653,-118.1515
950,950,90201,2022,A,51150,33.9653,-118.1515
951,951,90201,2022,B,60080,33.9653,-118.1515
952,952,90201,2022,C,17601,33.9653,-118.1515
953,953,90201,2022,D,27680,33.9653,-118.1515
954,954,90201,2023,A,23400,33.9653,-118.1515
955,955,90210,2020,A,171738,34.0901,-118.4065
956,956,90210,2020,B,172437,34.0901,-118.4065
957,957,90210,2020,C,136162,34.0901,-118.4065
958,958,90210,2020,D,176495,34.0901,-118.4065
959,959,90210,2021,A,242164,34.0901,-118.4065
960,960,90210,2021,B,283938,34.0901,-118.4065
961,961,90210,2021,C,258688,34.0901,-118.4065
962,962,90210,2021,D,140896,34.0901,-118.4065
963,963,90210,2022,A,271042,34.0901,-118.4065
964,964,90210,2022,B,299962,34.0901,-118.4065
965,965,90210,2022,C,282778,34.0901,-118.4065
966,966,90210,2022,D,269928,34.0901,-118.4065
967,967,90210,2023,A,353095,34.0901,-118.4065
968,968,90211,2020,A,107294,34.0652,-118.383
969,969,90211,2020,B,150360,34.0652,-118.383
970,970,90211,2020,C,88681,34.0652,-118.383
971,971,90211,2020,D,78411,34.0652,-118.383
972,972,90211,2021,A,136083,34.0652,-118.383
973,973,90211,2021,B,58202,34.0652,-118.383
974,974,90211,2021,C,70302,34.0652,-118.383
975,975,90211,2021,D,174642,34.0652,-118.383
976,976,90211,2022,A,93906,34.0652,-118.383
977,977,90211,2022,B,105565,34.0652,-118.383
978,978,90211,2022,C,62573,34.0652,-118.383
979,979,90211,2022,D,112323,34.0652,-118.383
980,980,90211,2023,A,60280,34.0652,-118.383
981,981,90212,2020,A,28297,34.0619,-118.3995
982,982,90212,2020,B,41091,34.0619,-118.3995
983,983,90212,2020,C,4450,34.0619,-118.3995
984,984,90212,2020,D,3180,34.0619,-118.3995
985,985,90212,2021,A,7001,34.0619,-118.3995
986,986,90212,2021,B,21151,34.0619,-118.3995
987,987,90212,2021,C,22401,34.0619,-118.3995
988,988,90212,2021,D,3011,34.0619,-118.3995
989,989,90212,2022,A,51004,34.0619,-118.3995
990,990,90212,2022,B,69532,34.0619,-118.3995
991,991,90212,2022,C,49405,34.0619,-118.3995
992,992,90212,2022,D,43721,34.0619,-118.3995
993,993,90212,2023,A,30300,34.0619,-118.3995
994,994,90230,2020,A,477371,33.9949,-118.3991
995,995,90230,2020,B,501940,33.9949,-118.3991
996,996,90230,2020,C,545902,33.9949,-118.3991
997,997,90230,2020,D,308008,33.9949,-118.3991
998,998,90230,2021,A,440657,33.9949,-118.3991
999,999,90230,2021,B,473515,33.9949,-118.3991
1000,1000,90230,2021,C,333002,33.9949,-118.3991
1001,1001,90230,2021,D,461549,33.9949,-118.3991
1002,1002,90230,2022,A,444707,33.9949,-118.3991
1003,1003,90230,2022,B,491804,33.9949,-118.3991
1004,1004,90230,2022,C,480078,33.9949,-118.3991
1005,1005,90230,2022,D,363561,33.9949,-118.3991
1006,1006,90230,2023,A,426245,33.9949,-118.3991
1007,1007,90232,2020,A,143164,34.0168,-118.3973
1008,1008,90232,2020,B,95640,34.0168,-118.3973
1009,1009,90232,2020,C,97811,34.0168,-118.3973
1010,1010,90232,2020,D,107981,34.0168,-118.3973
1011,1011,90232,2021,A,136923,34.0168,-118.3973
1012,1012,90232,2021,B,190643,34.0168,-118.3973
1013,1013,90232,2021,C,154141,34.0168,-118.3973
1014,1014,90232,2021,D,184288,34.0168,-118.3973
1015,1015,90232,2022,A,132843,34.0168,-118.3973
1016,1016,90232,2022,B,307248,34.0168,-118.3973
1017,1017,90232,2022,C,142733,34.0168,-118.3973
1018,1018,90232,2022,D,159642,34.0168,-118.3973
1019,1019,90232,2023,A,118518,34.0168,-118.3973
1020,1020,90245,2020,A,115820,33.9243,-118.4119
1021,1021,90245,2020,B,64041,33.9243,-118.4119
1022,1022,90245,2020,C,79093,33.9243,-118.4119
1023,1023,90245,2020,D,129802,33.9243,-118.4119
1024,1024,90245,2021,A,57122,33.9243,-118.4119
1025,1025,90245,2021,B,74962,33.9243,-118.4119
1026,1026,90245,2021,C,74860,33.9243,-118.4119
1027,1027,90245,2021,D,95160,33.9243,-118.4119
1028,1028,90245,2022,A,11040,33.9243,-118.4119
1029,1029,90245,2022,B,41281,33.9243,-118.4119
1030,1030,90245,2022,C,14251,33.9243,-118.4119
1031,1031,90245,2022,D,25000,33.9243,-118.4119
1032,1032,90245,2023,A,10560,33.9243,-118.4119
1033,1033,90247,2020,A,498686,33.8925,-118.2961
1034,1034,90247,2020,B,292755,33.8925,-118.2961
1035,1035,90247,2020,C,306092,33.8925,-118.2961
1036,1036,90247,2020,D,150881,33.8925,-118.2961
1037,1037,90247,2021,A,349243,33.8925,-118.2961
1038,1038,90247,2021,B,300461,33.8925,-118.2961
1039,1039,90247,2021,C,297055,33.8925,-118.2961
1040,1040,90247,2021,D,270306,33.8925,-118.2961
1041,1041,90247,2022,A,262840,33.8925,-118.2961
1042,1042,90247,2022,B,359981,33.8925,-118.2961
1043,1043,90247,2022,C,222814,33.8925,-118.2961
1044,1044,90247,2022,D,230830,33.8925,-118.2961
1045,1045,90247,2023,A,320003,33.8925,-118.2961
1046,1046,90248,2020,A,532185,33.8766,-118.2835
1047,1047,90248,2020,B,283471,33.8766,-118.2835
1048,1048,90248,2020,C,268412,33.8766,-118.2835
1049,1049,90248,2020,D,340601,33.8766,-118.2835
1050,1050,90248,2021,A,327605,33.8766,-118.2835
1051,1051,90248,2021,B,385431,33.8766,-118.2835
1052,1052,90248,2021,C,298130,33.8766,-118.2835
1053,1053,90248,2021,D,156595,33.8766,-118.2835
1054,1054,90248,2022,A,263604,33.8766,-118.2835
1055,1055,90248,2022,B,352574,33.8766,-118.2835
1056,1056,90248,2022,C,272119,33.8766,-118.2835
1057,1057,90248,2022,D,238483,33.8766,-118.2835
1058,1058,90248,2023,A,207137,33.8766,-118.2835
1059,1059,90250,2020,A,24902,33.9143,-118.3493
1060,1060,90250,2020,B,21590,33.9143,-118.3493
1061,1061,90250,2020,C,24200,33.9143,-118.3493
1062,1062,90250,2020,D,50680,33.9143,-118.3493
1063,1063,90250,2021,A,64802,33.9143,-118.3493
1064,1064,90250,2021,B,10202,33.9143,-118.3493
1065,1065,90250,2021,C,62051,33.9143,-118.3493
1066,1066,90250,2021,D,42082,33.9143,-118.3493
1067,1067,90250,2022,A,25882,33.9143,-118.3493
1068,1068,90250,2022,B,83022,33.9143,-118.3493
1069,1069,90250,2022,C,43005,33.9143,-118.3493
1070,1070,90250,2022,D,36203,33.9143,-118.3493
1071,1071,90250,2023,A,16003,33.9143,-118.3493
1072,1072,90265,2021,A,400,34.0402,-118.7351
1073,1073,90265,2021,C,2000,34.0402,-118.7351
1074,1074,90272,2020,A,397897,34.0481,-118.5265
1075,1075,90272,2020,B,406890,34.0481,-118.5265
1076,1076,90272,2020,C,194588,34.0481,-118.5265
1077,1077,90272,2020,D,356121,34.0481,-118.5265
1078,1078,90272,2021,A,376469,34.0481,-118.5265
1079,1079,90272,2021,B,381049,34.0481,-118.5265
1080,1080,90272,2021,C,362430,34.0481,-118.5265
1081,1081,90272,2021,D,262110,34.0481,-118.5265
1082,1082,90272,2022,A,137929,34.0481,-118.5265
1083,1083,90272,2022,B,372258,34.0481,-118.5265
1084,1084,90272,2022,C,387364,34.0481,-118.5265
1085,1085,90272,2022,D,378575,34.0481,-118.5265
1086,1086,90272,2023,A,378818,34.0481,-118.5265
1087,1087,90275,2020,A,15981,33.7515,-118.367
1088,1088,90275,2020,B,24700,33.7515,-118.367
1089,1089,90275,2020,C,9800,33.7515,-118.367
1090,1090,90275,2020,D,48190,33.7515,-118.367
1091,1091,90275,2021,A,34600,33.7515,-118.367
1092,1092,90275,2021,B,9473,33.7515,-118.367
1093,1093,90275,2021,C,11803,33.7515,-118.367
1094,1094,90275,2021,D,42361,33.7515,-118.367
1095,1095,90275,2022,A,9313,33.7515,-118.367
1096,1096,90275,2022,B,29670,33.7515,-118.367
1097,1097,90275,2022,C,23431,33.7515,-118.367
1098,1098,90275,2022,D,31011,33.7515,-118.367
1099,1099,90275,2023,A,25082,33.7515,-118.367
1100,1100,90278,2020,B,2000,33.8707,-118.3715
1101,1101,90278,2020,C,401,33.8707,-118.3715
1102,1102,90278,2020,D,400,33.8707,-118.3715
1103,1103,90278,2021,A,2000,33.8707,-118.3715
1104,1104,90278,2021,B,600,33.8707,-118.3715
1105,1105,90278,2021,D,1200,33.8707,-118.3715
1106,1106,90278,2023,A,3200,33.8707,-118.3715
1107,1107,90290,2021,A,2001,34.1076,-118.6023
1108,1108,90290,2021,C,1,34.1076,-118.6023
1109,1109,90290,2023,A,400,34.1076,-118.6023
1110,1110,90291,2020,A,1614331,33.9938,-118.4635
1111,1111,90291,2020,B,2220699,33.9938,-118.4635
1112,1112,90291,2020,C,1826734,33.9938,-118.4635
1113,1113,90291,2020,D,1826451,33.9938,-118.4635
1114,1114,90291,2021,A,2588748,33.9938,-118.4635
1115,1115,90291,2021,B,2277054,33.9938,-118.4635
1116,1116,90291,2021,C,2519541,33.9938,-118.4635
1117,1117,90291,2021,D,1871549,33.9938,-118.4635
1118,1118,90291,2022,A,2024894,33.9938,-118.4635
1119,1119,90291,2022,B,2403795,33.9938,-118.4635
1120,1120,90291,2022,C,2044468,33.9938,-118.4635
1121,1121,90291,2022,D,1585648,33.9938,-118.4635
1122,1122,90291,2023,A,974219,33.9938,-118.4635
1123,1123,90292,2020,A,657932,33.9779,-118.4525
1124,1124,90292,2020,B,675954,33.9779,-118.4525
1125,1125,90292,2020,C,735885,33.9779,-118.4525
1126,1126,90292,2020,D,656281,33.9779,-118.4525
1127,1127,90292,2021,A,898441,33.9779,-118.4525
1128,1128,90292,2021,B,916991,33.9779,-118.4525
1129,1129,90292,2021,C,777198,33.9779,-118.4525
1130,1130,90292,2021,D,860783,33.9779,-118.4525
1131,1131,90292,2022,A,880310,33.9779,-118.4525
1132,1132,90292,2022,B,911230,33.9779,-118.4525
1133,1133,90292,2022,C,772929,33.9779,-118.4525
1134,1134,90292,2022,D,800775,33.9779,-118.4525
1135,1135,90292,2023,A,403863,33.9779,-118.4525
1136,1136,90293,2020,A,417001,33.9577,-118.4373
1137,1137,90293,2020,B,365469,33.9577,-118.4373
1138,1138,90293,2020,C,231787,33.9577,-118.4373
1139,1139,90293,2020,D,172437,33.9577,-118.4373
1140,1140,90293,2021,A,301879,33.9577,-118.4373
1141,1141,90293,2021,B,492163,33.9577,-118.4373
1142,1142,90293,2021,C,443616,33.9577,-118.4373
1143,1143,90293,2021,D,400410,33.9577,-118.4373
1144,1144,90293,2022,A,268262,33.9577,-118.4373
1145,1145,90293,2022,B,392922,33.9577,-118.4373
1146,1146,90293,2022,C,202426,33.9577,-118.4373
1147,1147,90293,2022,D,239118,33.9577,-118.4373
1148,1148,90293,2023,A,308358,33.9577,-118.4373
1149,1149,90296,2020,A,51401,33.7866,-118.2987
1150,1150,90296,2020,B,7080,33.7866,-118.2987
1151,1151,90296,2020,C,8121,33.7866,-118.2987
1152,1152,90296,2020,D,4400,33.7866,-118.2987
1153,1153,90296,2021,A,33080,33.7866,-118.2987
1154,1154,90296,2021,B,40800,33.7866,-118.2987
1155,1155,90296,2021,C,81260,33.7866,-118.2987
1156,1156,90296,2021,D,22000,33.7866,-118.2987
1157,1157,90296,2022,A,51600,33.7866,-118.2987
1158,1158,90296,2022,B,46961,33.7866,-118.2987
1159,1159,90296,2022,C,11401,33.7866,-118.2987
1160,1160,90296,2022,D,41400,33.7866,-118.2987
1161,1161,90296,2023,A,3200,33.7866,-118.2987
1162,1162,90301,2020,A,142502,33.955,-118.3556
1163,1163,90301,2020,B,141681,33.955,-118.3556
1164,1164,90301,2020,C,83160,33.955,-118.3556
1165,1165,90301,2020,D,130372,33.955,-118.3556
1166,1166,90301,2021,A,122685,33.955,-118.3556
1167,1167,90301,2021,B,102561,33.955,-118.3556
1168,1168,90301,2021,C,127703,33.955,-118.3556
1169,1169,90301,2021,D,120254,33.955,-118.3556
1170,1170,90301,2022,A,37031,33.955,-118.3556
1171,1171,90301,2022,B,136511,33.955,-118.3556
1172,1172,90301,2022,C,101730,33.955,-118.3556
1173,1173,90301,2022,D,84380,33.955,-118.3556
1174,1174,90301,2023,A,28280,33.955,-118.3556
1175,1175,90302,2020,A,17000,33.9745,-118.3548
1176,1176,90302,2020,C,17150,33.9745,-118.3548
1177,1177,90302,2020,D,20950,33.9745,-118.3548
1178,1178,90302,2021,A,4000,33.9745,-118.3548
1179,1179,90302,2021,B,12602,33.9745,-118.3548
1180,1180,90302,2021,C,9600,33.9745,-118.3548
1181,1181,90302,2021,D,2080,33.9745,-118.3548
1182,1182,90303,2020,C,80,33.9377,-118.3321
1183,1183,90303,2020,D,1200,33.9377,-118.3321
1184,1184,90303,2021,A,1,33.9377,-118.3321
1185,1185,90303,2022,A,2000,33.9377,-118.3321
1186,1186,90303,2022,B,17000,33.9377,-118.3321
1187,1187,90303,2022,D,7000,33.9377,-118.3321
1188,1188,90303,2023,A,2000,33.9377,-118.3321
1189,1189,90304,2020,A,56241,33.9379,-118.3586
1190,1190,90304,2020,B,34481,33.9379,-118.3586
1191,1191,90304,2020,C,40,33.9379,-118.3586
1192,1192,90304,2020,D,17000,33.9379,-118.3586
1193,1193,90304,2021,A,41882,33.9379,-118.3586
1194,1194,90304,2021,B,88481,33.9379,-118.3586
1195,1195,90304,2021,C,58562,33.9379,-118.3586
1196,1196,90304,2021,D,29542,33.9379,-118.3586
1197,1197,90304,2022,A,6886,33.9379,-118.3586
1198,1198,90304,2022,B,56806,33.9379,-118.3586
1199,1199,90304,2022,C,12005,33.9379,-118.3586
1200,1200,90304,2022,D,20702,33.9379,-118.3586
1201,1201,90304,2023,A,46303,33.9379,-118.3586
1202,1202,90305,2020,A,125082,33.9583,-118.3259
1203,1203,90305,2020,B,81840,33.9583,-118.3259
1204,1204,90305,2020,C,104293,33.9583,-118.3259
1205,1205,90305,2020,D,54202,33.9583,-118.3259
1206,1206,90305,2021,A,271722,33.9583,-118.3259
1207,1207,90305,2021,B,91605,33.9583,-118.3259
1208,1208,90305,2021,C,120885,33.9583,-118.3259
1209,1209,90305,2021,D,126011,33.9583,-118.3259
1210,1210,90305,2022,A,108006,33.9583,-118.3259
1211,1211,90305,2022,B,339441,33.9583,-118.3259
1212,1212,90305,2022,C,109284,33.9583,-118.3259
1213,1213,90305,2022,D,93174,33.9583,-118.3259
1214,1214,90305,2023,A,66400,33.9583,-118.3259
1215,1215,90402,2020,A,254264,34.0349,-118.503
1216,1216,90402,2020,B,85755,34.0349,-118.503
1217,1217,90402,2020,C,158896,34.0349,-118.503
1218,1218,90402,2020,D,156412,34.0349,-118.503
1219,1219,90402,2021,A,131314,34.0349,-118.503
1220,1220,90402,2021,B,214682,34.0349,-118.503
1221,1221,90402,2021,C,205247,34.0349,-118.503
1222,1222,90402,2021,D,134793,34.0349,-118.503
1223,1223,90402,2022,A,169955,34.0349,-118.503
1224,1224,90402,2022,B,213218,34.0349,-118.503
1225,1225,90402,2022,C,147418,34.0349,-118.503
1226,1226,90402,2022,D,195643,34.0349,-118.503
1227,1227,90402,2023,A,96853,34.0349,-118.503
1228,1228,90403,2020,A,80,34.0287,-118.4924
1229,1229,90403,2021,C,2000,34.0287,-118.4924
1230,1230,90404,2020,A,4401,34.0268,-118.4733
1231,1231,90404,2020,B,22750,34.0268,-118.4733
1232,1232,90404,2020,C,40751,34.0268,-118.4733
1233,1233,90404,2020,D,36000,34.0268,-118.4733
1234,1234,90404,2021,A,22000,34.0268,-118.4733
1235,1235,90404,2021,B,19200,34.0268,-118.4733
1236,1236,90404,2021,C,40480,34.0268,-118.4733
1237,1237,90404,2021,D,93801,34.0268,-118.4733
1238,1238,90404,2022,A,23800,34.0268,-118.4733
1239,1239,90404,2022,B,17001,34.0268,-118.4733
1240,1240,90404,2022,C,30080,34.0268,-118.4733
1241,1241,90404,2022,D,30680,34.0268,-118.4733
1242,1242,90404,2023,A,39841,34.0268,-118.4733
1243,1243,90405,2020,A,41020,34.01,-118.4717
1244,1244,90405,2020,B,74851,34.01,-118.4717
1245,1245,90405,2020,C,40400,34.01,-118.4717
1246,1246,90405,2020,D,23001,34.01,-118.4717
1247,1247,90405,2021,A,8020,34.01,-118.4717
1248,1248,90405,2021,B,41280,34.01,-118.4717
1249,1249,90405,2021,C,18200,34.01,-118.4717
1250,1250,90405,2021,D,2002,34.01,-118.4717
1251,1251,90405,2022,A,16760,34.01,-118.4717
1252,1252,90405,2022,B,12305,34.01,-118.4717
1253,1253,90405,2022,C,97323,34.01,-118.4717
1254,1254,90405,2022,D,63012,34.01,-118.4717
1255,1255,90405,2023,A,12392,34.01,-118.4717
1256,1256,90501,2020,A,459550,33.8268,-118.3118
1257,1257,90501,2020,B,486936,33.8268,-118.3118
1258,1258,90501,2020,C,472688,33.8268,-118.3118
1259,1259,90501,2020,D,363666,33.8268,-118.3118
1260,1260,90501,2021,A,308557,33.8268,-118.3118
1261,1261,90501,2021,B,466084,33.8268,-118.3118
1262,1262,90501,2021,C,369528,33.8268,-118.3118
1263,1263,90501,2021,D,440086,33.8268,-118.3118
1264,1264,90501,2022,A,409549,33.8268,-118.3118
1265,1265,90501,2022,B,501293,33.8268,-118.3118
1266,1266,90501,2022,C,447923,33.8268,-118.3118
1267,1267,90501,2022,D,497054,33.8268,-118.3118
1268,1268,90501,2023,A,257650,33.8268,-118.3118
1269,1269,90502,2020,A,148782,33.8286,-118.292
1270,1270,90502,2020,B,146453,33.8286,-118.292
1271,1271,90502,2020,C,164931,33.8286,-118.292
1272,1272,90502,2020,D,59003,33.8286,-118.292
1273,1273,90502,2021,A,92941,33.8286,-118.292
1274,1274,90502,2021,B,58201,33.8286,-118.292
1275,1275,90502,2021,C,94651,33.8286,-118.292
1276,1276,90502,2021,D,88583,33.8286,-118.292
1277,1277,90502,2022,A,106061,33.8286,-118.292
1278,1278,90502,2022,B,111140,33.8286,-118.292
1279,1279,90502,2022,C,148364,33.8286,-118.292
1280,1280,90502,2022,D,106431,33.8286,-118.292
1281,1281,90502,2023,A,99671,33.8286,-118.292
1282,1282,90504,2020,A,40,33.8708,-118.3295
1283,1283,90504,2020,B,20350,33.8708,-118.3295
1284,1284,90504,2021,A,400,33.8708,-118.3295
1285,1285,90504,2021,B,5200,33.8708,-118.3295
1286,1286,90504,2021,C,800,33.8708,-118.3295
1287,1287,90504,2021,D,18400,33.8708,-118.3295
1288,1288,90504,2022,A,22000,33.8708,-118.3295
1289,1289,90504,2022,B,35600,33.8708,-118.3295
1290,1290,90504,2022,C,2000,33.8708,-118.3295
1291,1291,90504,2022,D,23200,33.8708,-118.3295
1292,1292,90504,2023,A,5000,33.8708,-118.3295
1293,1293,90505,2020,A,36202,33.8106,-118.3507
1294,1294,90505,2020,B,50400,33.8106,-118.3507
1295,1295,90505,2020,C,17800,33.8106,-118.3507
1296,1296,90505,2020,D,2150,33.8106,-118.3507
1297,1297,90505,2021,A,52721,33.8106,-118.3507
1298,1298,90505,2021,B,84800,33.8106,-118.3507
1299,1299,90505,2021,C,46241,33.8106,-118.3507
1300,1300,90505,2021,D,22402,33.8106,-118.3507
1301,1301,90505,2022,A,28160,33.8106,-118.3507
1302,1302,90505,2022,B,56080,33.8106,-118.3507
1303,1303,90505,2022,C,49961,33.8106,-118.3507
1304,1304,90505,2022,D,25802,33.8106,-118.3507
1305,1305,90505,2023,A,2040,33.8106,-118.3507
1306,1306,90710,2020,A,819123,33.797,-118.2991
1307,1307,90710,2020,B,1138390,33.797,-118.2991
1308,1308,90710,2020,C,1080534,33.797,-118.2991
1309,1309,90710,2020,D,924881,33.797,-118.2991
1310,1310,90710,2021,A,1103518,33.797,-118.2991
1311,1311,90710,2021,B,1171947,33.797,-118.2991
1312,1312,90710,2021,C,877248,33.797,-118.2991
1313,1313,90710,2021,D,1107777,33.797,-118.2991
1314,1314,90710,2022,A,1210373,33.797,-118.2991
1315,1315,90710,2022,B,978871,33.797,-118.2991
1316,1316,90710,2022,C,1171838,33.797,-118.2991
1317,1317,90710,2022,D,971904,33.797,-118.2991
1318,1318,90710,2023,A,897584,33.797,-118.2991
1319,1319,90717,2020,A,143201,33.7938,-118.3172
1320,1320,90717,2020,B,64480,33.7938,-118.3172
1321,1321,90717,2020,C,22200,33.7938,-118.3172
1322,1322,90717,2020,D,19560,33.7938,-118.3172
1323,1323,90717,2021,A,60202,33.7938,-118.3172
1324,1324,90717,2021,B,52200,33.7938,-118.3172
1325,1325,90717,2021,C,22401,33.7938,-118.3172
1326,1326,90717,2021,D,23400,33.7938,-118.3172
1327,1327,90717,2022,A,17481,33.7938,-118.3172
1328,1328,90717,2022,B,81,33.7938,-118.3172
1329,1329,90717,2022,C,6602,33.7938,-118.3172
1330,1330,90717,2022,D,2200,33.7938,-118.3172
1331,1331,90717,2023,A,126600,33.7938,-118.3172
1332,1332,90731,2020,A,2009383,33.7339,-118.2914
1333,1333,90731,2020,B,1892710,33.7339,-118.2914
1334,1334,90731,2020,C,1639818,33.7339,-118.2914
1335,1335,90731,2020,D,1726218,33.7339,-118.2914
1336,1336,90731,2021,A,1995087,33.7339,-118.2914
1337,1337,90731,2021,B,1949593,33.7339,-118.2914
1338,1338,90731,2021,C,2114431,33.7339,-118.2914
1339,1339,90731,2021,D,2182314,33.7339,-118.2914
1340,1340,90731,2022,A,2235101,33.7339,-118.2914
1341,1341,90731,2022,B,2495929,33.7339,-118.2914
1342,1342,90731,2022,C,2503294,33.7339,-118.2914
1343,1343,90731,2022,D,2103786,33.7339,-118.2914
1344,1344,90731,2023,A,1481143,33.7339,-118.2914
1345,1345,90732,2020,A,425882,33.742,-118.3121
1346,1346,90732,2020,B,437579,33.742,-118.3121
1347,1347,90732,2020,C,160566,33.742,-118.3121
1348,1348,90732,2020,D,323398,33.742,-118.3121
1349,1349,90732,2021,A,404108,33.742,-118.3121
1350,1350,90732,2021,B,462669,33.742,-118.3121
1351,1351,90732,2021,C,418678,33.742,-118.3121
1352,1352,90732,2021,D,584325,33.742,-118.3121
1353,1353,90732,2022,A,604895,33.742,-118.3121
1354,1354,90732,2022,B,422650,33.742,-118.3121
1355,1355,90732,2022,C,685044,33.742,-118.3121
1356,1356,90732,2022,D,396321,33.742,-118.3121
1357,1357,90732,2023,A,478602,33.742,-118.3121
1358,1358,90733,2020,A,1400,33.7866,-118.2987
1359,1359,90733,2020,B,1000,33.7866,-118.2987
1360,1360,90733,2020,C,15000,33.7866,-118.2987
1361,1361,90733,2021,A,2001,33.7866,-118.2987
1362,1362,90733,2021,B,24001,33.7866,-118.2987
1363,1363,90733,2021,C,5800,33.7866,-118.2987
1364,1364,90733,2021,D,8600,33.7866,-118.2987
1365,1365,90733,2022,A,1400,33.7866,-118.2987
1366,1366,90733,2022,B,7200,33.7866,-118.2987
1367,1367,90733,2022,C,800,33.7866,-118.2987
1368,1368,90733,2022,D,17000,33.7866,-118.2987
1369,1369,90733,2023,A,3000,33.7866,-118.2987
1370,1370,90734,2020,C,19000,33.7866,-118.2987
1371,1371,90734,2021,A,400,33.7866,-118.2987
1372,1372,90734,2021,C,2000,33.7866,-118.2987
1373,1373,90734,2022,A,2000,33.7866,-118.2987
1374,1374,90734,2022,D,17000,33.7866,-118.2987
1375,1375,90734,2023,A,800,33.7866,-118.2987
1376,1376,90744,2020,A,1867497,33.7855,-118.2645
1377,1377,90744,2020,B,1768448,33.7855,-118.2645
1378,1378,90744,2020,C,1514641,33.7855,-118.2645
1379,1379,90744,2020,D,1757080,33.7855,-118.2645
1380,1380,90744,2021,A,1596449,33.7855,-118.2645
1381,1381,90744,2021,B,1824232,33.7855,-118.2645
1382,1382,90744,2021,C,1986462,33.7855,-118.2645
1383,1383,90744,2021,D,1499344,33.7855,-118.2645
1384,1384,90744,2022,A,1610966,33.7855,-118.2645
1385,1385,90744,2022,B,1614132,33.7855,-118.2645
1386,1386,90744,2022,C,1673354,33.7855,-118.2645
1387,1387,90744,2022,D,1276226,33.7855,-118.2645
1388,1388,90744,2023,A,949755,33.7855,-118.2645
1389,1389,90745,2020,A,310961,33.823,-118.2684
1390,1390,90745,2020,B,365360,33.823,-118.2684
1391,1391,90745,2020,C,226081,33.823,-118.2684
1392,1392,90745,2020,D,319000,33.823,-118.2684
1393,1393,90745,2021,A,322763,33.823,-118.2684
1394,1394,90745,2021,B,342121,33.823,-118.2684
1395,1395,90745,2021,C,365521,33.823,-118.2684
1396,1396,90745,2021,D,373851,33.823,-118.2684
1397,1397,90745,2022,A,377615,33.823,-118.2684
1398,1398,90745,2022,B,606450,33.823,-118.2684
1399,1399,90745,2022,C,383719,33.823,-118.2684
1400,1400,90745,2022,D,414369,33.823,-118.2684
1401,1401,90745,2023,A,211255,33.823,-118.2684
1402,1402,90810,2020,A,160200,33.8193,-118.2325
1403,1403,90810,2020,B,74800,33.8193,-118.2325
1404,1404,90810,2020,C,108750,33.8193,-118.2325
1405,1405,90810,2020,D,59040,33.8193,-118.2325
1406,1406,90810,2021,A,65202,33.8193,-118.2325
1407,1407,90810,2021,B,61680,33.8193,-118.2325
1408,1408,90810,2021,C,139841,33.8193,-118.2325
1409,1409,90810,2021,D,85401,33.8193,-118.2325
1410,1410,90810,2022,A,116480,33.8193,-118.2325
1411,1411,90810,2022,B,27320,33.8193,-118.2325
1412,1412,90810,2022,C,110920,33.8193,-118.2325
1413,1413,90810,2022,D,203080,33.8193,-118.2325
1414,1414,90810,2023,A,39801,33.8193,-118.2325
1415,1415,90813,2020,A,17000,33.782,-118.1835
1416,1416,90813,2020,B,1200,33.782,-118.1835
1417,1417,90831,2021,A,15000,33.7678,-118.1994
1418,1418,91030,2020,A,6440,34.1109,-118.1547
1419,1419,91030,2020,B,20161,34.1109,-118.1547
1420,1420,91030,2020,C,4000,34.1109,-118.1547
1421,1421,91030,2020,D,3000,34.1109,-118.1547
1422,1422,91030,2021,A,2000,34.1109,-118.1547
1423,1423,91030,2021,B,401,34.1109,-118.1547
1424,1424,91030,2021,C,1800,34.1109,-118.1547
1425,1425,91030,2021,D,2000,34.1109,-118.1547
1426,1426,91030,2022,A,4000,34.1109,-118.1547
1427,1427,91030,2022,B,2002,34.1109,-118.1547
1428,1428,91030,2022,D,800,34.1109,-118.1547
1429,1429,91030,2023,A,6000,34.1109,-118.1547
1430,1430,91040,2020,A,581300,34.2618,-118.3371
1431,1431,91040,2020,B,627788,34.2618,-118.3371
1432,1432,91040,2020,C,238206,34.2618,-118.3371
1433,1433,91040,2020,D,296380,34.2618,-118.3371
1434,1434,91040,2021,A,408402,34.2618,-118.3371
1435,1435,91040,2021,B,337641,34.2618,-118.3371
1436,1436,91040,2021,C,384656,34.2618,-118.3371
1437,1437,91040,2021,D,735479,34.2618,-118.3371
1438,1438,91040,2022,A,475584,34.2618,-118.3371
1439,1439,91040,2022,B,536433,34.2618,-118.3371
1440,1440,91040,2022,C,466191,34.2618,-118.3371
1441,1441,91040,2022,D,546079,34.2618,-118.3371
1442,1442,91040,2023,A,450810,34.2618,-118.3371
1443,1443,91042,2020,A,489702,34.2544,-118.2849
1444,1444,91042,2020,B,709094,34.2544,-118.2849
1445,1445,91042,2020,C,486469,34.2544,-118.2849
1446,1446,91042,2020,D,536516,34.2544,-118.2849
1447,1447,91042,2021,A,567449,34.2544,-118.2849
1448,1448,91042,2021,B,414171,34.2544,-118.2849
1449,1449,91042,2021,C,538578,34.2544,-118.2849
1450,1450,91042,2021,D,749484,34.2544,-118.2849
1451,1451,91042,2022,A,535428,34.2544,-118.2849
1452,1452,91042,2022,B,528838,34.2544,-118.2849
1453,1453,91042,2022,C,578960,34.2544,-118.2849
1454,1454,91042,2022,D,579842,34.2544,-118.2849
1455,1455,91042,2023,A,383435,34.2544,-118.2849
1456,1456,91102,2020,A,2000,34.1478,-118.1445
1457,1457,91105,2020,A,2040,34.1355,-118.1636
1458,1458,91105,2020,B,800,34.1355,-118.1636
1459,1459,91105,2021,B,17000,34.1355,-118.1636
1460,1460,91105,2021,C,17000,34.1355,-118.1636
1461,1461,91105,2021,D,4000,34.1355,-118.1636
1462,1462,91105,2022,D,80,34.1355,-118.1636
1463,1463,91105,2023,A,1200,34.1355,-118.1636
1464,1464,91201,2020,A,23000,34.1716,-118.2899
1465,1465,91201,2020,B,11600,34.1716,-118.2899
1466,1466,91201,2020,C,5801,34.1716,-118.2899
1467,1467,91201,2020,D,8400,34.1716,-118.2899
1468,1468,91201,2021,A,8800,34.1716,-118.2899
1469,1469,91201,2021,B,14600,34.1716,-118.2899
1470,1470,91201,2021,C,45200,34.1716,-118.2899
1471,1471,91201,2021,D,5600,34.1716,-118.2899
1472,1472,91201,2022,A,7002,34.1716,-118.2899
1473,1473,91201,2022,B,25800,34.1716,-118.2899
1474,1474,91201,2022,C,43200,34.1716,-118.2899
1475,1475,91201,2022,D,55684,34.1716,-118.2899
1476,1476,91201,2023,A,29481,34.1716,-118.2899
1477,1477,91203,2021,A,2000,34.1517,-118.2636
1478,1478,91203,2021,C,1200,34.1517,-118.2636
1479,1479,91203,2022,A,400,34.1517,-118.2636
1480,1480,91203,2022,B,30000,34.1517,-118.2636
1481,1481,91203,2022,C,2000,34.1517,-118.2636
1482,1482,91203,2022,D,1201,34.1517,-118.2636
1483,1483,91204,2020,A,11051,34.1379,-118.2599
1484,1484,91204,2020,B,6400,34.1379,-118.2599
1485,1485,91204,2020,C,23600,34.1379,-118.2599
1486,1486,91204,2020,D,51680,34.1379,-118.2599
1487,1487,91204,2021,A,22200,34.1379,-118.2599
1488,1488,91204,2021,B,12001,34.1379,-118.2599
1489,1489,91204,2021,C,106240,34.1379,-118.2599
1490,1490,91204,2021,D,18600,34.1379,-118.2599
1491,1491,91204,2022,A,42600,34.1379,-118.2599
1492,1492,91204,2022,B,36201,34.1379,-118.2599
1493,1493,91204,2022,C,30600,34.1379,-118.2599
1494,1494,91204,2022,D,24000,34.1379,-118.2599
1495,1495,91204,2023,A,37800,34.1379,-118.2599
1496,1496,91205,2020,A,17801,34.1378,-118.2425
1497,1497,91205,2020,B,21400,34.1378,-118.2425
1498,1498,91205,2020,C,4010,34.1378,-118.2425
1499,1499,91205,2020,D,8810,34.1378,-118.2425
1500,1500,91205,2021,A,36880,34.1378,-118.2425
1501,1501,91205,2021,B,20200,34.1378,-118.2425
1502,1502,91205,2021,C,3600,34.1378,-118.2425
1503,1503,91205,2021,D,2122,34.1378,-118.2425
1504,1504,91205,2022,A,10800,34.1378,-118.2425
1505,1505,91205,2022,B,37002,34.1378,-118.2425
1506,1506,91205,2022,C,19882,34.1378,-118.2425
1507,1507,91205,2022,D,6600,34.1378,-118.2425
1508,1508,91205,2023,A,35000,34.1378,-118.2425
1509,1509,91206,2020,A,16600,34.1556,-118.2322
1510,1510,91206,2020,B,8000,34.1556,-118.2322
1511,1511,91206,2020,C,31352,34.1556,-118.2322
1512,1512,91206,2020,D,50380,34.1556,-118.2322
1513,1513,91206,2021,A,71801,34.1556,-118.2322
1514,1514,91206,2021,B,33450,34.1556,-118.2322
1515,1515,91206,2021,C,32941,34.1556,-118.2322
1516,1516,91206,2021,D,96950,34.1556,-118.2322
1517,1517,91206,2022,A,25531,34.1556,-118.2322
1518,1518,91206,2022,B,32810,34.1556,-118.2322
1519,1519,91206,2022,C,57403,34.1556,-118.2322
1520,1520,91206,2022,D,15932,34.1556,-118.2322
1521,1521,91206,2023,A,6601,34.1556,-118.2322
1522,1522,91210,2021,C,600,34.1425,-118.2551
1523,1523,91214,2020,A,32800,34.2316,-118.2457
1524,1524,91214,2020,B,19000,34.2316,-118.2457
1525,1525,91214,2020,D,1,34.2316,-118.2457
1526,1526,91214,2021,A,4000,34.2316,-118.2457
1527,1527,91214,2021,B,1200,34.2316,-118.2457
1528,1528,91214,2021,C,5202,34.2316,-118.2457
1529,1529,91214,2021,D,2800,34.2316,-118.2457
1530,1530,91214,2022,A,2400,34.2316,-118.2457
1531,1531,91214,2022,C,2000,34.2316,-118.2457
1532,1532,91214,2023,A,2000,34.2316,-118.2457
1533,1533,91302,2021,C,400,34.1419,-118.6641
1534,1534,91303,2020,A,1406849,34.1993,-118.5983
1535,1535,91303,2020,B,1479748,34.1993,-118.5983
1536,1536,91303,2020,C,1275142,34.1993,-118.5983
1537,1537,91303,2020,D,784343,34.1993,-118.5983
1538,1538,91303,2021,A,1054811,34.1993,-118.5983
1539,1539,91303,2021,B,1626064,34.1993,-118.5983
1540,1540,91303,2021,C,1625844,34.1993,-118.5983
1541,1541,91303,2021,D,1518385,34.1993,-118.5983
1542,1542,91303,2022,A,1547942,34.1993,-118.5983
1543,1543,91303,2022,B,1548287,34.1993,-118.5983
1544,1544,91303,2022,C,1737892,34.1993,-118.5983
1545,1545,91303,2022,D,1822818,34.1993,-118.5983
1546,1546,91303,2023,A,1006980,34.1993,-118.5983
1547,1547,91304,2020,A,847128,34.2197,-118.6111
1548,1548,91304,2020,B,749266,34.2197,-118.6111
1549,1549,91304,2020,C,505692,34.2197,-118.6111
1550,1550,91304,2020,D,533051,34.2197,-118.6111
1551,1551,91304,2021,A,635718,34.2197,-118.6111
1552,1552,91304,2021,B,810586,34.2197,-118.6111
1553,1553,91304,2021,C,637914,34.2197,-118.6111
1554,1554,91304,2021,D,871203,34.2197,-118.6111
1555,1555,91304,2022,A,929447,34.2197,-118.6111
1556,1556,91304,2022,B,1018710,34.2197,-118.6111
1557,1557,91304,2022,C,708553,34.2197,-118.6111
1558,1558,91304,2022,D,792084,34.2197,-118.6111
1559,1559,91304,2023,A,533116,34.2197,-118.6111
1560,1560,91306,2020,A,934173,34.2092,-118.5749
1561,1561,91306,2020,B,1393941,34.2092,-118.5749
1562,1562,91306,2020,C,606515,34.2092,-118.5749
1563,1563,91306,2020,D,585518,34.2092,-118.5749
1564,1564,91306,2021,A,838341,34.2092,-118.5749
1565,1565,91306,2021,B,1252262,34.2092,-118.5749
1566,1566,91306,2021,C,1177744,34.2092,-118.5749
1567,1567,91306,2021,D,1383737,34.2092,-118.5749
1568,1568,91306,2022,A,1060158,34.2092,-118.5749
1569,1569,91306,2022,B,1208452,34.2092,-118.5749
1570,1570,91306,2022,C,1116730,34.2092,-118.5749
1571,1571,91306,2022,D,1040076,34.2092,-118.5749
1572,1572,91306,2023,A,685308,34.2092,-118.5749
1573,1573,91307,2020,A,482330,34.1963,-118.6389
1574,1574,91307,2020,B,323336,34.1963,-118.6389
1575,1575,91307,2020,C,240750,34.1963,-118.6389
1576,1576,91307,2020,D,146003,34.1963,-118.6389
1577,1577,91307,2021,A,307144,34.1963,-118.6389
1578,1578,91307,2021,B,403788,34.1963,-118.6389
1579,1579,91307,2021,C,366051,34.1963,-118.6389
1580,1580,91307,2021,D,584766,34.1963,-118.6389
1581,1581,91307,2022,A,335180,34.1963,-118.6389
1582,1582,91307,2022,B,563300,34.1963,-118.6389
1583,1583,91307,2022,C,354203,34.1963,-118.6389
1584,1584,91307,2022,D,490289,34.1963,-118.6389
1585,1585,91307,2023,A,352462,34.1963,-118.6389
1586,1586,91311,2020,A,1481186,34.2583,-118.5914
1587,1587,91311,2020,B,1206938,34.2583,-118.5914
1588,1588,91311,2020,C,657623,34.2583,-118.5914
1589,1589,91311,2020,D,728266,34.2583,-118.5914
1590,1590,91311,2021,A,985539,34.2583,-118.5914
1591,1591,91311,2021,B,959650,34.2583,-118.5914
1592,1592,91311,2021,C,1165036,34.2583,-118.5914
1593,1593,91311,2021,D,1492041,34.2583,-118.5914
1594,1594,91311,2022,A,1222639,34.2583,-118.5914
1595,1595,91311,2022,B,1306565,34.2583,-118.5914
1596,1596,91311,2022,C,1551857,34.2583,-118.5914
1597,1597,91311,2022,D,1442021,34.2583,-118.5914
1598,1598,91311,2023,A,1060216,34.2583,-118.5914
1599,1599,91316,2020,A,926565,34.1655,-118.5175
1600,1600,91316,2020,B,824566,34.1655,-118.5175
1601,1601,91316,2020,C,869449,34.1655,-118.5175
1602,1602,91316,2020,D,883770,34.1655,-118.5175
1603,1603,91316,2021,A,704884,34.1655,-118.5175
1604,1604,91316,2021,B,819714,34.1655,-118.5175
1605,1605,91316,2021,C,1082691,34.1655,-118.5175
1606,1606,91316,2021,D,1025748,34.1655,-118.5175
1607,1607,91316,2022,A,1037270,34.1655,-118.5175
1608,1608,91316,2022,B,1076178,34.1655,-118.5175
1609,1609,91316,2022,C,869004,34.1655,-118.5175
1610,1610,91316,2022,D,1184208,34.1655,-118.5175
1611,1611,91316,2023,A,914811,34.1655,-118.5175
1612,1612,91324,2020,A,994960,34.2367,-118.5466
1613,1613,91324,2020,B,917780,34.2367,-118.5466
1614,1614,91324,2020,C,688488,34.2367,-118.5466
1615,1615,91324,2020,D,746882,34.2367,-118.5466
1616,1616,91324,2021,A,1118274,34.2367,-118.5466
1617,1617,91324,2021,B,1001991,34.2367,-118.5466
1618,1618,91324,2021,C,1438952,34.2367,-118.5466
1619,1619,91324,2021,D,1213919,34.2367,-118.5466
1620,1620,91324,2022,A,1159300,34.2367,-118.5466
1621,1621,91324,2022,B,1251333,34.2367,-118.5466
1622,1622,91324,2022,C,1160747,34.2367,-118.5466
1623,1623,91324,2022,D,1022943,34.2367,-118.5466
1624,1624,91324,2023,A,1151141,34.2367,-118.5466
1625,1625,91325,2020,A,644649,34.2353,-118.5188
1626,1626,91325,2020,B,702442,34.2353,-118.5188
1627,1627,91325,2020,C,613497,34.2353,-118.5188
1628,1628,91325,2020,D,590351,34.2353,-118.5188
1629,1629,91325,2021,A,791722,34.2353,-118.5188
1630,1630,91325,2021,B,772417,34.2353,-118.5188
1631,1631,91325,2021,C,715071,34.2353,-118.5188
1632,1632,91325,2021,D,811062,34.2353,-118.5188
1633,1633,91325,2022,A,851053,34.2353,-118.5188
1634,1634,91325,2022,B,839781,34.2353,-118.5188
1635,1635,91325,2022,C,854722,34.2353,-118.5188
1636,1636,91325,2022,D,801428,34.2353,-118.5188
1637,1637,91325,2023,A,691420,34.2353,-118.5188
1638,1638,91326,2020,A,517848,34.2619,-118.582
1639,1639,91326,2020,B,369673,34.2619,-118.582
1640,1640,91326,2020,C,169618,34.2619,-118.582
1641,1641,91326,2020,D,256539,34.2619,-118.582
1642,1642,91326,2021,A,412953,34.2619,-118.582
1643,1643,91326,2021,B,304908,34.2619,-118.582
1644,1644,91326,2021,C,393314,34.2619,-118.582
1645,1645,91326,2021,D,412751,34.2619,-118.582
1646,1646,91326,2022,A,446759,34.2619,-118.582
1647,1647,91326,2022,B,546325,34.2619,-118.582
1648,1648,91326,2022,C,494588,34.2619,-118.582
1649,1649,91326,2022,D,710096,34.2619,-118.582
1650,1650,91326,2023,A,397028,34.2619,-118.582
1651,1651,91328,2020,A,277129,34.2283,-118.5368
1652,1652,91328,2020,B,298980,34.2283,-118.5368
1653,1653,91328,2020,C,326367,34.2283,-118.5368
1654,1654,91328,2020,D,356951,34.2283,-118.5368
1655,1655,91328,2021,A,336182,34.2283,-118.5368
1656,1656,91328,2021,B,443961,34.2283,-118.5368
1657,1657,91328,2021,C,537722,34.2283,-118.5368
1658,1658,91328,2021,D,487964,34.2283,-118.5368
1659,1659,91328,2022,A,514471,34.2283,-118.5368
1660,1660,91328,2022,B,318853,34.2283,-118.5368
1661,1661,91328,2022,C,445266,34.2283,-118.5368
1662,1662,91328,2022,D,453266,34.2283,-118.5368
1663,1663,91328,2023,A,333374,34.2283,-118.5368
1664,1664,91330,2020,A,192468,34.2283,-118.5368
1665,1665,91330,2020,B,141854,34.2283,-118.5368
1666,1666,91330,2020,C,101337,34.2283,-118.5368
1667,1667,91330,2020,D,66604,34.2283,-118.5368
1668,1668,91330,2021,A,74160,34.2283,-118.5368
1669,1669,91330,2021,B,102286,34.2283,-118.5368
1670,1670,91330,2021,C,201486,34.2283,-118.5368
1671,1671,91330,2021,D,174444,34.2283,-118.5368
1672,1672,91330,2022,A,230420,34.2283,-118.5368
1673,1673,91330,2022,B,191697,34.2283,-118.5368
1674,1674,91330,2022,C,134556,34.2283,-118.5368
1675,1675,91330,2022,D,111366,34.2283,-118.5368
1676,1676,91330,2023,A,136216,34.2283,-118.5368
1677,1677,91331,2020,A,2181949,34.2556,-118.4208
1678,1678,91331,2020,B,2260075,34.2556,-118.4208
1679,1679,91331,2020,C,1232824,34.2556,-118.4208
1680,1680,91331,2020,D,1289888,34.2556,-118.4208
1681,1681,91331,2021,A,1817162,34.2556,-118.4208
1682,1682,91331,2021,B,1637329,34.2556,-118.4208
1683,1683,91331,2021,C,2159635,34.2556,-118.4208
1684,1684,91331,2021,D,1863112,34.2556,-118.4208
1685,1685,91331,2022,A,2143615,34.2556,-118.4208
1686,1686,91331,2022,B,2142788,34.2556,-118.4208
1687,1687,91331,2022,C,2094164,34.2556,-118.4208
1688,1688,91331,2022,D,1813374,34.2556,-118.4208
1689,1689,91331,2023,A,1230383,34.2556,-118.4208
1690,1690,91335,2020,A,2329357,34.2007,-118.5391
1691,1691,91335,2020,B,1625740,34.2007,-118.5391
1692,1692,91335,2020,C,1397651,34.2007,-118.5391
1693,1693,91335,2020,D,1287521,34.2007,-118.5391
1694,1694,91335,2021,A,1804525,34.2007,-118.5391
1695,1695,91335,2021,B,1737220,34.2007,-118.5391
1696,1696,91335,2021,C,2130834,34.2007,-118.5391
1697,1697,91335,2021,D,1910248,34.2007,-118.5391
1698,1698,91335,2022,A,1927584,34.2007,-118.5391
1699,1699,91335,2022,B,2006322,34.2007,-118.5391
1700,1700,91335,2022,C,2486578,34.2007,-118.5391
1701,1701,91335,2022,D,1943941,34.2007,-118.5391
1702,1702,91335,2023,A,1368814,34.2007,-118.5391
1703,1703,91340,2020,A,500791,34.2875,-118.4352
1704,1704,91340,2020,B,1018503,34.2875,-118.4352
1705,1705,91340,2020,C,434145,34.2875,-118.4352
1706,1706,91340,2020,D,339655,34.2875,-118.4352
1707,1707,91340,2021,A,442919,34.2875,-118.4352
1708,1708,91340,2021,B,630433,34.2875,-118.4352
1709,1709,91340,2021,C,531637,34.2875,-118.4352
1710,1710,91340,2021,D,516568,34.2875,-118.4352
1711,1711,91340,2022,A,851266,34.2875,-118.4352
1712,1712,91340,2022,B,550329,34.2875,-118.4352
1713,1713,91340,2022,C,441420,34.2875,-118.4352
1714,1714,91340,2022,D,482014,34.2875,-118.4352
1715,1715,91340,2023,A,511455,34.2875,-118.4352
1716,1716,91342,2020,A,1852998,34.3054,-118.4322
1717,1717,91342,2020,B,1409461,34.3054,-118.4322
1718,1718,91342,2020,C,961789,34.3054,-118.4322
1719,1719,91342,2020,D,765297,34.3054,-118.4322
1720,1720,91342,2021,A,1295418,34.3054,-118.4322
1721,1721,91342,2021,B,1337993,34.3054,-118.4322
1722,1722,91342,2021,C,1366268,34.3054,-118.4322
1723,1723,91342,2021,D,1322650,34.3054,-118.4322
1724,1724,91342,2022,A,1300182,34.3054,-118.4322
1725,1725,91342,2022,B,1317324,34.3054,-118.4322
1726,1726,91342,2022,C,1084000,34.3054,-118.4322
1727,1727,91342,2022,D,972096,34.3054,-118.4322
1728,1728,91342,2023,A,957583,34.3054,-118.4322
1729,1729,91343,2020,A,1395926,34.2366,-118.4758
1730,1730,91343,2020,B,1376086,34.2366,-118.4758
1731,1731,91343,2020,C,884425,34.2366,-118.4758
1732,1732,91343,2020,D,948140,34.2366,-118.4758
1733,1733,91343,2021,A,1230153,34.2366,-118.4758
1734,1734,91343,2021,B,1355118,34.2366,-118.4758
1735,1735,91343,2021,C,1955602,34.2366,-118.4758
1736,1736,91343,2021,D,1497801,34.2366,-118.4758
1737,1737,91343,2022,A,2024372,34.2366,-118.4758
1738,1738,91343,2022,B,1599981,34.2366,-118.4758
1739,1739,91343,2022,C,1556057,34.2366,-118.4758
1740,1740,91343,2022,D,1492835,34.2366,-118.4758
1741,1741,91343,2023,A,1048007,34.2366,-118.4758
1742,1742,91344,2020,A,1170125,34.2771,-118.4992
1743,1743,91344,2020,B,895560,34.2771,-118.4992
1744,1744,91344,2020,C,526639,34.2771,-118.4992
1745,1745,91344,2020,D,466512,34.2771,-118.4992
1746,1746,91344,2021,A,748325,34.2771,-118.4992
1747,1747,91344,2021,B,714350,34.2771,-118.4992
1748,1748,91344,2021,C,983671,34.2771,-118.4992
1749,1749,91344,2021,D,1032219,34.2771,-118.4992
1750,1750,91344,2022,A,891964,34.2771,-118.4992
1751,1751,91344,2022,B,976006,34.2771,-118.4992
1752,1752,91344,2022,C,729506,34.2771,-118.4992
1753,1753,91344,2022,D,1076497,34.2771,-118.4992
1754,1754,91344,2023,A,1020473,34.2771,-118.4992
1755,1755,91345,2020,A,446518,34.2619,-118.4587
1756,1756,91345,2020,B,491425,34.2619,-118.4587
1757,1757,91345,2020,C,393191,34.2619,-118.4587
1758,1758,91345,2020,D,268267,34.2619,-118.4587
1759,1759,91345,2021,A,475141,34.2619,-118.4587
1760,1760,91345,2021,B,417476,34.2619,-118.4587
1761,1761,91345,2021,C,255185,34.2619,-118.4587
1762,1762,91345,2021,D,404781,34.2619,-118.4587
1763,1763,91345,2022,A,483149,34.2619,-118.4587
1764,1764,91345,2022,B,428663,34.2619,-118.4587
1765,1765,91345,2022,C,377690,34.2619,-118.4587
1766,1766,91345,2022,D,320853,34.2619,-118.4587
1767,1767,91345,2023,A,369080,34.2619,-118.4587
1768,1768,91352,2020,A,1750510,34.2209,-118.3699
1769,1769,91352,2020,B,1490706,34.2209,-118.3699
1770,1770,91352,2020,C,821538,34.2209,-118.3699
1771,1771,91352,2020,D,1024702,34.2209,-118.3699
1772,1772,91352,2021,A,1113345,34.2209,-118.3699
1773,1773,91352,2021,B,1555577,34.2209,-118.3699
1774,1774,91352,2021,C,1512701,34.2209,-118.3699
1775,1775,91352,2021,D,1552636,34.2209,-118.3699
1776,1776,91352,2022,A,1514926,34.2209,-118.3699
1777,1777,91352,2022,B,1737138,34.2209,-118.3699
1778,1778,91352,2022,C,1563736,34.2209,-118.3699
1779,1779,91352,2022,D,1309356,34.2209,-118.3699
1780,1780,91352,2023,A,1417981,34.2209,-118.3699
1781,1781,91355,2021,B,1200,34.3985,-118.5535
1782,1782,91355,2021,C,40,34.3985,-118.5535
1783,1783,91355,2022,A,17400,34.3985,-118.5535
1784,1784,91355,2022,B,400,34.3985,-118.5535
1785,1785,91355,2022,D,1200,34.3985,-118.5535
1786,1786,91356,2020,A,1296271,34.1671,-118.5414
1787,1787,91356,2020,B,871727,34.1671,-118.5414
1788,1788,91356,2020,C,864451,34.1671,-118.5414
1789,1789,91356,2020,D,749428,34.1671,-118.5414
1790,1790,91356,2021,A,815915,34.1671,-118.5414
1791,1791,91356,2021,B,1081207,34.1671,-118.5414
1792,1792,91356,2021,C,984468,34.1671,-118.5414
1793,1793,91356,2021,D,1126257,34.1671,-118.5414
1794,1794,91356,2022,A,959857,34.1671,-118.5414
1795,1795,91356,2022,B,1416782,34.1671,-118.5414
1796,1796,91356,2022,C,1279428,34.1671,-118.5414
1797,1797,91356,2022,D,1440424,34.1671,-118.5414
1798,1798,91356,2023,A,1041105,34.1671,-118.5414
1799,1799,91364,2020,A,1112165,34.1557,-118.6
1800,1800,91364,2020,B,833113,34.1557,-118.6
1801,1801,91364,2020,C,525341,34.1557,-118.6
1802,1802,91364,2020,D,712444,34.1557,-118.6
1803,1803,91364,2021,A,712721,34.1557,-118.6
1804,1804,91364,2021,B,729834,34.1557,-118.6
1805,1805,91364,2021,C,653891,34.1557,-118.6
1806,1806,91364,2021,D,950785,34.1557,-118.6
1807,1807,91364,2022,A,839585,34.1557,-118.6
1808,1808,91364,2022,B,886059,34.1557,-118.6
1809,1809,91364,2022,C,1051031,34.1557,-118.6
1810,1810,91364,2022,D,718366,34.1557,-118.6
1811,1811,91364,2023,A,693477,34.1557,-118.6
1812,1812,91365,2020,A,171769,34.1683,-118.6059
1813,1813,91365,2020,B,312472,34.1683,-118.6059
1814,1814,91365,2020,C,99752,34.1683,-118.6059
1815,1815,91365,2020,D,69333,34.1683,-118.6059
1816,1816,91365,2021,A,132574,34.1683,-118.6059
1817,1817,91365,2021,B,121625,34.1683,-118.6059
1818,1818,91365,2021,C,244612,34.1683,-118.6059
1819,1819,91365,2021,D,160582,34.1683,-118.6059
1820,1820,91365,2022,A,87364,34.1683,-118.6059
1821,1821,91365,2022,B,180308,34.1683,-118.6059
1822,1822,91365,2022,C,222702,34.1683,-118.6059
1823,1823,91365,2022,D,111383,34.1683,-118.6059
1824,1824,91365,2023,A,152353,34.1683,-118.6059
1825,1825,91367,2020,A,1260902,34.1767,-118.6159
1826,1826,91367,2020,B,905033,34.1767,-118.6159
1827,1827,91367,2020,C,742683,34.1767,-118.6159
1828,1828,91367,2020,D,662073,34.1767,-118.6159
1829,1829,91367,2021,A,1081190,34.1767,-118.6159
1830,1830,91367,2021,B,1086456,34.1767,-118.6159
1831,1831,91367,2021,C,962794,34.1767,-118.6159
1832,1832,91367,2021,D,1126289,34.1767,-118.6159
1833,1833,91367,2022,A,1002871,34.1767,-118.6159
1834,1834,91367,2022,B,1332808,34.1767,-118.6159
1835,1835,91367,2022,C,1149003,34.1767,-118.6159
1836,1836,91367,2022,D,1078866,34.1767,-118.6159
1837,1837,91367,2023,A,1035876,34.1767,-118.6159
1838,1838,91371,2020,A,322993,34.1683,-118.6059
1839,1839,91371,2020,B,283456,34.1683,-118.6059
1840,1840,91371,2020,C,224661,34.1683,-118.6059
1841,1841,91371,2020,D,213532,34.1683,-118.6059
1842,1842,91371,2021,A,197556,34.1683,-118.6059
1843,1843,91371,2021,B,333248,34.1683,-118.6059
1844,1844,91371,2021,C,175338,34.1683,-118.6059
1845,1845,91371,2021,D,208918,34.1683,-118.6059
1846,1846,91371,2022,A,204812,34.1683,-118.6059
1847,1847,91371,2022,B,184194,34.1683,-118.6059
1848,1848,91371,2022,C,336283,34.1683,-118.6059
1849,1849,91371,2022,D,132094,34.1683,-118.6059
1850,1850,91371,2023,A,91764,34.1683,-118.6059
1851,1851,91401,2020,A,1242662,34.1802,-118.4324
1852,1852,91401,2020,B,1527259,34.1802,-118.4324
1853,1853,91401,2020,C,1077506,34.1802,-118.4324
1854,1854,91401,2020,D,922050,34.1802,-118.4324
1855,1855,91401,2021,A,952880,34.1802,-118.4324
1856,1856,91401,2021,B,1053068,34.1802,-118.4324
1857,1857,91401,2021,C,1245880,34.1802,-118.4324
1858,1858,91401,2021,D,1476994,34.1802,-118.4324
1859,1859,91401,2022,A,1344766,34.1802,-118.4324
1860,1860,91401,2022,B,1526523,34.1802,-118.4324
1861,1861,91401,2022,C,1531815,34.1802,-118.4324
1862,1862,91401,2022,D,1472528,34.1802,-118.4324
1863,1863,91401,2023,A,1046989,34.1802,-118.4324
1864,1864,91402,2020,A,1478477,34.2262,-118.447
1865,1865,91402,2020,B,1879364,34.2262,-118.447
1866,1866,91402,2020,C,1279282,34.2262,-118.447
1867,1867,91402,2020,D,1303353,34.2262,-118.447
1868,1868,91402,2021,A,2080868,34.2262,-118.447
1869,1869,91402,2021,B,1674167,34.2262,-118.447
1870,1870,91402,2021,C,1825735,34.2262,-118.447
1871,1871,91402,2021,D,1814536,34.2262,-118.447
1872,1872,91402,2022,A,1755359,34.2262,-118.447
1873,1873,91402,2022,B,2108876,34.2262,-118.447
1874,1874,91402,2022,C,1660750,34.2262,-118.447
1875,1875,91402,2022,D,1672512,34.2262,-118.447
1876,1876,91402,2023,A,1643265,34.2262,-118.447
1877,1877,91403,2020,A,670229,34.1514,-118.4603
1878,1878,91403,2020,B,957308,34.1514,-118.4603
1879,1879,91403,2020,C,694044,34.1514,-118.4603
1880,1880,91403,2020,D,847367,34.1514,-118.4603
1881,1881,91403,2021,A,792396,34.1514,-118.4603
1882,1882,91403,2021,B,875107,34.1514,-118.4603
1883,1883,91403,2021,C,1016325,34.1514,-118.4603
1884,1884,91403,2021,D,1015390,34.1514,-118.4603
1885,1885,91403,2022,A,1206015,34.1514,-118.4603
1886,1886,91403,2022,B,1182659,34.1514,-118.4603
1887,1887,91403,2022,C,1161650,34.1514,-118.4603
1888,1888,91403,2022,D,1101816,34.1514,-118.4603
1889,1889,91403,2023,A,893632,34.1514,-118.4603
1890,1890,91405,2020,A,1223400,34.2001,-118.4456
1891,1891,91405,2020,B,1186290,34.2001,-118.4456
1892,1892,91405,2020,C,1232465,34.2001,-118.4456
1893,1893,91405,2020,D,889168,34.2001,-118.4456
1894,1894,91405,2021,A,875749,34.2001,-118.4456
1895,1895,91405,2021,B,1138971,34.2001,-118.4456
1896,1896,91405,2021,C,1177538,34.2001,-118.4456
1897,1897,91405,2021,D,1300088,34.2001,-118.4456
1898,1898,91405,2022,A,1148906,34.2001,-118.4456
1899,1899,91405,2022,B,1296067,34.2001,-118.4456
1900,1900,91405,2022,C,1202292,34.2001,-118.4456
1901,1901,91405,2022,D,1245724,34.2001,-118.4456
1902,1902,91405,2023,A,1189401,34.2001,-118.4456
1903,1903,91406,2020,A,1980894,34.2006,-118.4868
1904,1904,91406,2020,B,1722928,34.2006,-118.4868
1905,1905,91406,2020,C,1293348,34.2006,-118.4868
1906,1906,91406,2020,D,1457060,34.2006,-118.4868
1907,1907,91406,2021,A,1438699,34.2006,-118.4868
1908,1908,91406,2021,B,1875984,34.2006,-118.4868
1909,1909,91406,2021,C,1895693,34.2006,-118.4868
1910,1910,91406,2021,D,1735579,34.2006,-118.4868
1911,1911,91406,2022,A,2012086,34.2006,-118.4868
1912,1912,91406,2022,B,2066697,34.2006,-118.4868
1913,1913,91406,2022,C,1982278,34.2006,-118.4868
1914,1914,91406,2022,D,2076013,34.2006,-118.4868
1915,1915,91406,2023,A,1542078,34.2006,-118.4868
1916,1916,91411,2020,A,1142149,34.1781,-118.4574
1917,1917,91411,2020,B,1459029,34.1781,-118.4574
1918,1918,91411,2020,C,881338,34.1781,-118.4574
1919,1919,91411,2020,D,832141,34.1781,-118.4574
1920,1920,91411,2021,A,932460,34.1781,-118.4574
1921,1921,91411,2021,B,1178005,34.1781,-118.4574
1922,1922,91411,2021,C,1132759,34.1781,-118.4574
1923,1923,91411,2021,D,1354964,34.1781,-118.4574
1924,1924,91411,2022,A,1321966,34.1781,-118.4574
1925,1925,91411,2022,B,1524852,34.1781,-118.4574
1926,1926,91411,2022,C,1340448,34.1781,-118.4574
1927,1927,91411,2022,D,1104611,34.1781,-118.4574
1928,1928,91411,2023,A,855073,34.1781,-118.4574
1929,1929,91423,2020,A,668547,34.1526,-118.4322
1930,1930,91423,2020,B,733731,34.1526,-118.4322
1931,1931,91423,2020,C,622709,34.1526,-118.4322
1932,1932,91423,2020,D,666069,34.1526,-118.4322
1933,1933,91423,2021,A,964088,34.1526,-118.4322
1934,1934,91423,2021,B,824578,34.1526,-118.4322
1935,1935,91423,2021,C,854360,34.1526,-118.4322
1936,1936,91423,2021,D,778374,34.1526,-118.4322
1937,1937,91423,2022,A,1068788,34.1526,-118.4322
1938,1938,91423,2022,B,932853,34.1526,-118.4322
1939,1939,91423,2022,C,1191375,34.1526,-118.4322
1940,1940,91423,2022,D,1209831,34.1526,-118.4322
1941,1941,91423,2023,A,797098,34.1526,-118.4322
1942,1942,91436,2020,A,682753,34.151,-118.4882
1943,1943,91436,2020,B,418528,34.151,-118.4882
1944,1944,91436,2020,C,328035,34.151,-118.4882
1945,1945,91436,2020,D,312639,34.151,-118.4882
1946,1946,91436,2021,A,362361,34.151,-118.4882
1947,1947,91436,2021,B,507334,34.151,-118.4882
1948,1948,91436,2021,C,745673,34.151,-118.4882
1949,1949,91436,2021,D,559766,34.151,-118.4882
1950,1950,91436,2022,A,710162,34.151,-118.4882
1951,1951,91436,2022,B,921371,34.151,-118.4882
1952,1952,91436,2022,C,555114,34.151,-118.4882
1953,1953,91436,2022,D,1143543,34.151,-118.4882
1954,1954,91436,2023,A,535891,34.151,-118.4882
1955,1955,91504,2020,A,132010,34.2001,-118.3264
1956,1956,91504,2020,B,83801,34.2001,-118.3264
1957,1957,91504,2020,C,8600,34.2001,-118.3264
1958,1958,91504,2020,D,8082,34.2001,-118.3264
1959,1959,91504,2021,A,44402,34.2001,-118.3264
1960,1960,91504,2021,B,71401,34.2001,-118.3264
1961,1961,91504,2021,C,54807,34.2001,-118.3264
1962,1962,91504,2021,D,61205,34.2001,-118.3264
1963,1963,91504,2022,A,35354,34.2001,-118.3264
1964,1964,91504,2022,B,61681,34.2001,-118.3264
1965,1965,91504,2022,C,44001,34.2001,-118.3264
1966,1966,91504,2022,D,17203,34.2001,-118.3264
1967,1967,91504,2023,A,83402,34.2001,-118.3264
1968,1968,91505,2020,A,3681,34.169,-118.3442
1969,1969,91505,2020,B,37001,34.169,-118.3442
1970,1970,91505,2020,C,19802,34.169,-118.3442
1971,1971,91505,2020,D,20320,34.169,-118.3442
1972,1972,91505,2021,A,45000,34.169,-118.3442
1973,1973,91505,2021,B,32000,34.169,-118.3442
1974,1974,91505,2021,C,36000,34.169,-118.3442
1975,1975,91505,2021,D,55600,34.169,-118.3442
1976,1976,91505,2022,A,70600,34.169,-118.3442
1977,1977,91505,2022,B,19801,34.169,-118.3442
1978,1978,91505,2022,C,52200,34.169,-118.3442
1979,1979,91505,2022,D,50202,34.169,-118.3442
1980,1980,91505,2023,A,17400,34.169,-118.3442
1981,1981,91506,2020,A,2800,34.1717,-118.3231
1982,1982,91506,2020,B,25200,34.1717,-118.3231
1983,1983,91506,2020,C,800,34.1717,-118.3231
1984,1984,91506,2020,D,17000,34.1717,-118.3231
1985,1985,91506,2021,B,51800,34.1717,-118.3231
1986,1986,91506,2021,D,2000,34.1717,-118.3231
1987,1987,91506,2022,A,35000,34.1717,-118.3231
1988,1988,91506,2022,B,4800,34.1717,-118.3231
1989,1989,91506,2022,C,17800,34.1717,-118.3231
1990,1990,91506,2022,D,2000,34.1717,-118.3231
1991,1991,91506,2023,A,19800,34.1717,-118.3231
1992,1992,91522,2020,A,98643,34.1808,-118.309
1993,1993,91522,2020,B,20813,34.1808,-118.309
1994,1994,91522,2020,C,56683,34.1808,-118.309
1995,1995,91522,2020,D,74081,34.1808,-118.309
1996,1996,91522,2021,A,35855,34.1808,-118.309
1997,1997,91522,2021,B,66640,34.1808,-118.309
1998,1998,91522,2021,C,41490,34.1808,-118.309
1999,1999,91522,2021,D,89601,34.1808,-118.309
2000,2000,91522,2022,A,66000,34.1808,-118.309
2001,2001,91522,2022,B,25761,34.1808,-118.309
2002,2002,91522,2022,C,62805,34.1808,-118.309
2003,2003,91522,2022,D,74565,34.1808,-118.309
2004,2004,91522,2023,A,19300,34.1808,-118.309
2005,2005,91601,2020,A,1332493,34.1687,-118.3713
2006,2006,91601,2020,B,1648250,34.1687,-118.3713
2007,2007,91601,2020,C,1330906,34.1687,-118.3713
2008,2008,91601,2020,D,1298360,34.1687,-118.3713
2009,2009,91601,2021,A,1511108,34.1687,-118.3713
2010,2010,91601,2021,B,1840719,34.1687,-118.3713
2011,2011,91601,2021,C,1708475,34.1687,-118.3713
2012,2012,91601,2021,D,1889596,34.1687,-118.3713
2013,2013,91601,2022,A,2052247,34.1687,-118.3713
2014,2014,91601,2022,B,1566921,34.1687,-118.3713
2015,2015,91601,2022,C,1563942,34.1687,-118.3713
2016,2016,91601,2022,D,2007728,34.1687,-118.3713
2017,2017,91601,2023,A,1561570,34.1687,-118.3713
2018,2018,91602,2020,A,701032,34.151,-118.3663
2019,2019,91602,2020,B,739700,34.151,-118.3663
2020,2020,91602,2020,C,370431,34.151,-118.3663
2021,2021,91602,2020,D,447646,34.151,-118.3663
2022,2022,91602,2021,A,501325,34.151,-118.3663
2023,2023,91602,2021,B,573801,34.151,-118.3663
2024,2024,91602,2021,C,587006,34.151,-118.3663
2025,2025,91602,2021,D,695885,34.151,-118.3663
2026,2026,91602,2022,A,530530,34.151,-118.3663
2027,2027,91602,2022,B,555327,34.151,-118.3663
2028,2028,91602,2022,C,681158,34.151,-118.3663
2029,2029,91602,2022,D,473383,34.151,-118.3663
2030,2030,91602,2023,A,298038,34.151,-118.3663
2031,2031,91604,2020,A,830148,34.143,-118.3913
2032,2032,91604,2020,B,903133,34.143,-118.3913
2033,2033,91604,2020,C,867760,34.143,-118.3913
2034,2034,91604,2020,D,682243,34.143,-118.3913
2035,2035,91604,2021,A,1404551,34.143,-118.3913
2036,2036,91604,2021,B,1126459,34.143,-118.3913
2037,2037,91604,2021,C,1435124,34.143,-118.3913
2038,2038,91604,2021,D,1343678,34.143,-118.3913
2039,2039,91604,2022,A,1046863,34.143,-118.3913
2040,2040,91604,2022,B,1466491,34.143,-118.3913
2041,2041,91604,2022,C,1258647,34.143,-118.3913
2042,2042,91604,2022,D,1269071,34.143,-118.3913
2043,2043,91604,2023,A,911313,34.143,-118.3913
2044,2044,91605,2020,A,1552749,34.2057,-118.4001
2045,2045,91605,2020,B,1869959,34.2057,-118.4001
2046,2046,91605,2020,C,1253872,34.2057,-118.4001
2047,2047,91605,2020,D,1005637,34.2057,-118.4001
2048,2048,91605,2021,A,1471813,34.2057,-118.4001
2049,2049,91605,2021,B,1600376,34.2057,-118.4001
2050,2050,91605,2021,C,1519176,34.2057,-118.4001
2051,2051,91605,2021,D,1629339,34.2057,-118.4001
2052,2052,91605,2022,A,1809422,34.2057,-118.4001
2053,2053,91605,2022,B,2005679,34.2057,-118.4001
2054,2054,91605,2022,C,1506116,34.2057,-118.4001
2055,2055,91605,2022,D,1997885,34.2057,-118.4001
2056,2056,91605,2023,A,1687109,34.2057,-118.4001
2057,2057,91606,2020,A,1430734,34.1872,-118.3865
2058,2058,91606,2020,B,1525041,34.1872,-118.3865
2059,2059,91606,2020,C,704046,34.1872,-118.3865
2060,2060,91606,2020,D,697154,34.1872,-118.3865
2061,2061,91606,2021,A,981340,34.1872,-118.3865
2062,2062,91606,2021,B,1286121,34.1872,-118.3865
2063,2063,91606,2021,C,1292466,34.1872,-118.3865
2064,2064,91606,2021,D,1102196,34.1872,-118.3865
2065,2065,91606,2022,A,1262909,34.1872,-118.3865
2066,2066,91606,2022,B,1608393,34.1872,-118.3865
2067,2067,91606,2022,C,1502005,34.1872,-118.3865
2068,2068,91606,2022,D,1380930,34.1872,-118.3865
2069,2069,91606,2023,A,1352544,34.1872,-118.3865
2070,2070,91607,2020,A,686226,34.1672,-118.3989
2071,2071,91607,2020,B,793398,34.1672,-118.3989
2072,2072,91607,2020,C,502439,34.1672,-118.3989
2073,2073,91607,2020,D,516562,34.1672,-118.3989
2074,2074,91607,2021,A,702655,34.1672,-118.3989
2075,2075,91607,2021,B,803272,34.1672,-118.3989
2076,2076,91607,2021,C,677975,34.1672,-118.3989
2077,2077,91607,2021,D,959122,34.1672,-118.3989
2078,2078,91607,2022,A,948763,34.1672,-118.3989
2079,2079,91607,2022,B,706217,34.1672,-118.3989
2080,2080,91607,2022,C,761926,34.1672,-118.3989
2081,2081,91607,2022,D,768611,34.1672,-118.3989
2082,2082,91607,2023,A,669190,34.1672,-118.3989
2083,2083,91608,2020,A,323360,34.1383,-118.3528
2084,2084,91608,2020,B,244941,34.1383,-118.3528
2085,2085,91608,2020,C,239563,34.1383,-118.3528
2086,2086,91608,2020,D,260013,34.1383,-118.3528
2087,2087,91608,2021,A,289653,34.1383,-118.3528
2088,2088,91608,2021,B,108483,34.1383,-118.3528
2089,2089,91608,2021,C,204830,34.1383,-118.3528
2090,2090,91608,2021,D,220791,34.1383,-118.3528
2091,2091,91608,2022,A,179962,34.1383,-118.3528
2092,2092,91608,2022,B,198253,34.1383,-118.3528
2093,2093,91608,2022,C,178732,34.1383,-118.3528
2094,2094,91608,2022,D,148242,34.1383,-118.3528
2095,2095,91608,2023,A,212042,34.1383,-118.3528
2096,2096,91803,2020,A,1400,34.0745,-118.1434
2097,2097,91803,2021,B,17000,34.0745,-118.1434
2098,2098,91803,2021,C,400,34.0745,-118.1434
2099,2099,91803,2022,C,15000,34.0745,-118.1434
